Country name,Freedom Level,Social Support Level ,Year,Corr_Life_Corruption ,Corr_Life_Freedom ,Corr_Life_Generosity ,Corr_Life_Social Support,Freedom to make life choices,Generosity,Healthy life expectancy at birth,Life Ladder,Log GDP per capita,Negative affect,Perceptions of corruption,Positive affect,Social support
Afghanistan,High,Medium,2008,,,,,0.718114316,0.164055109,50.5,3.723589897,7.350416183,0.258195490,0.881686330,0.414297044,0.450662315
Afghanistan,Medium,Medium,2009,,,,,0.678896368,0.187296629,50.799999237,4.401778221,7.508646011,0.237092420,0.850035429,0.481421441,0.552308440
Afghanistan,Medium,Medium,2010,,,,,0.600127220,0.117860541,51.099998474,4.758380890,7.613899708,0.275323808,0.706766069,0.516906679,0.539075196
Afghanistan,Medium,Medium,2011,,,,,0.495901406,0.160098419,51.400001526,3.831719160,7.581258774,0.267174691,0.731108546,0.479834676,0.521103561
Afghanistan,Medium,Medium,2012,,,,,0.530935049,0.234157175,51.700000763,3.782937527,7.660505772,0.267919123,0.775619805,0.613512814,0.520636737
Afghanistan,Medium,Medium,2013,,,,,0.577955365,0.059246484,52,3.572100401,7.680333138,0.273328096,0.823204100,0.547416985,0.483551860
Afghanistan,Medium,Medium,2014,,,,,0.508514047,0.102329925,52.299999237,3.130895615,7.670638084,0.374860734,0.871241987,0.491641015,0.525568426
Afghanistan,Low,Medium,2015,,,,,0.388927579,0.078218274,52.599998474,3.982854605,7.653833389,0.339276046,0.880638301,0.491409957,0.528597236
Afghanistan,Medium,Medium,2016,,,,,0.522566199,0.040480144,52.924999237,4.220168591,7.650369644,0.348332286,0.793245554,0.501408756,0.559071779
Afghanistan,Medium,Medium,2017,,,,,0.427010864,-0.122847714,53.25,2.661718130,7.647830486,0.371326178,0.954392552,0.435269952,0.490880072
Afghanistan,Low,Medium,2018,,,,,0.373535544,-0.094552390,53.575000763,2.694303274,7.630800724,0.404904395,0.927605689,0.384561479,0.507515848
Afghanistan,Low,Medium,2019,,,,,0.393656164,-0.109457858,53.900001526,2.375091791,7.640085697,0.502473712,0.923849106,0.324107826,0.419972867
Afghanistan,Low,Medium,2021,,,,,0.394305944,-0.084656246,54.549999237,2.436034441,7.324500561,0.606712580,0.946299374,0.178885803,0.454174697
Afghanistan,Low,Low,2022,,,,,0.368377149,,54.875,1.281271100,,0.575511873,0.733197868,0.205867782,0.228217229
Afghanistan,Low,Low,2023,,,,,0.228301197,,55.200000763,1.445908546,,0.460166872,0.738470912,0.260513246,0.368478119
Albania,Medium,High,2007,,,,,0.528604746,-0.013059232,66.760002136,4.634251595,9.121521950,0.246335030,0.874699533,0.488818616,0.821371615
Albania,Medium,High,2009,,,,,0.525223255,-0.161825195,67.319999695,5.485469818,9.241248131,0.279256523,0.863665402,0.564474463,0.833046615
Albania,Medium,High,2010,,,,,0.568958402,-0.176219359,67.599998474,5.268936634,9.282611847,0.300060242,0.726261675,0.576076567,0.733152270
Albania,Medium,High,2011,,,,,0.487496257,-0.208715081,67.879997253,5.867421627,9.310437202,0.256576508,0.877002597,0.565758884,0.759433806
Albania,Medium,High,2012,,,,,0.601512134,-0.172988042,68.160003662,5.510124207,9.326161385,0.271393239,0.847675204,0.553473175,0.784501791
Albania,Medium,High,2013,,,,,0.631830275,-0.131339297,68.440002441,4.550647736,9.337964058,0.338378578,0.862904966,0.540750980,0.759476721
Albania,High,Medium,2014,,,,,0.734648407,-0.028801160,68.720001221,4.813763142,9.357623100,0.334542662,0.882704437,0.572945058,0.625586927
Albania,High,Medium,2015,,,,,0.703850687,-0.084981859,69,4.606650829,9.382479668,0.350426674,0.884793043,0.579071701,0.639356136
Albania,High,Medium,2016,,,,,0.729818940,-0.021135902,69.025001526,4.511100769,9.416690826,0.321705997,0.901070774,0.567079723,0.638411462
Albania,High,Medium,2017,,,,,0.749611020,-0.032957178,69.050003052,4.639548302,9.454931259,0.333884120,0.876134634,0.547240436,0.637698293
Albania,High,Medium,2018,,,,,0.824212313,0.004768581,69.074996948,5.004402637,9.496805191,0.318996727,0.899129391,0.592044652,0.683591664
Albania,High,Medium,2019,,,,,0.777351439,-0.103325039,69.099998474,4.995317936,9.521727562,0.273827374,0.914284289,0.548189282,0.686364889
Albania,High,High,2020,,,,,0.753671050,0.001558620,69.125,5.364909649,9.493891716,0.265066117,0.891358972,0.563486159,0.710115016
Albania,High,High,2021,,,,,0.827452719,0.038602885,69.150001526,5.255481720,9.588499069,0.253654480,0.896126628,0.553830087,0.701882780
Albania,High,High,2022,,,,,0.802249789,-0.069952033,69.175003052,5.212213039,9.648702621,0.254825532,0.845501959,0.547125936,0.724089622
Albania,High,Medium,2023,,,,,0.871545494,0.067885302,69.199996948,5.444690704,9.688706398,0.314227134,0.855425060,0.597349286,0.690752625
Algeria,Medium,High,2010,,,,,0.592695832,-0.212297350,65.5,5.463566780,9.306354523,,0.618037879,,
Algeria,Medium,High,2011,,,,,0.529561281,-0.187623620,65.599998474,5.317194462,9.315958023,0.254896641,0.637981653,0.502736270,0.810234487
Algeria,Medium,High,2012,,,,,0.586663485,-0.179102853,65.699996948,5.604595661,9.329961777,0.229715660,0.690116346,0.540058553,0.839396894
Algeria,High,High,2014,,,,,,,65.900001526,6.354898453,9.355415344,0.176866099,,0.558359206,0.818189442
Algeria,High,High,2016,,,,,,,66.099998474,5.340853691,9.383312225,0.377111971,,0.565025926,0.748588264
Algeria,Medium,High,2017,,,,,0.436670482,-0.173977047,66.199996948,5.248912334,9.376658440,0.288710028,0.699774206,0.554528713,0.806753874
Algeria,Medium,High,2018,,,,,0.583380580,-0.153069481,66.300003052,5.043086052,9.369553566,0.292945564,0.758704126,0.533724844,0.798651338
Algeria,Low,High,2019,,,,,0.385083437,-0.002246460,66.400001526,4.744627476,9.361109734,0.215197757,0.740609348,0.544427812,0.803258657
Algeria,Medium,High,2020,,,,,0.573890686,-0.123700030,66.5,5.437755108,9.291438103,0.310629755,0.724263668,0.524169207,0.867648900
Algeria,Medium,High,2021,,,,,0.558486938,-0.115956970,66.599998474,5.217017651,9.308296204,0.257779151,0.711900055,0.498022288,0.840710282
Algeria,Medium,High,2022,,,,,0.439970732,-0.044912420,66.699996948,5.538172245,9.322542191,0.258595824,0.611082911,0.583429337,0.783400893
Angola,Medium,High,2011,,,,,0.583701789,0.049890600,51.220001221,5.589000702,8.944195747,0.361063153,0.911320329,0.666832566,0.723094344
Angola,Medium,High,2012,,,,,0.456028581,-0.141335502,51.840000153,4.360249996,8.988576889,0.304890066,0.906300485,0.590808213,0.752592862
Angola,Medium,High,2013,,,,,0.409554869,-0.108695149,52.459999084,3.937106848,8.999579430,0.370875001,0.816375494,0.650046706,0.721590757
Angola,Low,High,2014,,,,,0.374541551,-0.172730431,53.080001831,3.794837952,9.009834290,0.367864132,0.834075630,0.595249414,0.754615486
Argentina,High,High,2006,,,,,0.733003676,-0.162121013,65.819999695,6.312925339,9.936885834,0.328230023,0.851799488,0.748283088,0.938462794
Argentina,Medium,High,2007,,,,,0.652832627,-0.146240741,65.940002441,6.073158264,10.013071060,0.279007971,0.881057739,0.749825895,0.862205565
Argentina,Medium,High,2008,,,,,0.678222179,-0.137005702,66.059997559,5.961034298,10.042918205,0.318222284,0.864996254,0.719996989,0.892194510
Argentina,Medium,High,2009,,,,,0.636646450,-0.135176316,66.180000305,6.424133301,9.971766472,0.236901477,0.884742200,0.761589587,0.918693185
Argentina,High,High,2010,,,,,0.730258167,-0.131506681,66.300003052,6.441067219,10.065660477,0.210975498,0.854695439,0.765480459,0.926798582
Argentina,High,High,2011,,,,,0.815802038,-0.179832309,66.419998169,6.775805473,10.112436295,0.231855154,0.754645705,0.768942535,0.889073491
Argentina,High,High,2012,,,,,0.747498393,-0.153441668,66.540000916,6.468387127,10.090749741,0.272219121,0.816546202,0.744064212,0.901776373
Argentina,High,High,2013,,,,,0.737250388,-0.135954097,66.660003662,6.582260132,10.103326797,0.254204720,0.822900295,0.766156793,0.909874201
Argentina,High,High,2014,,,,,0.745057762,-0.169978485,66.779998779,6.671114445,10.066884995,0.237912863,0.854191601,0.769468009,0.917870402
Argentina,High,High,2015,,,,,0.881223679,-0.179678157,66.900001526,6.697130680,10.083050728,0.305354923,0.850906193,0.767845273,0.926492274
Argentina,High,High,2016,,,,,0.847702205,-0.197576076,66.949996948,6.427221298,10.051456451,0.311646461,0.850924492,0.731735170,0.882819116
Argentina,High,High,2017,,,,,0.831966162,-0.191734508,67,6.039330006,10.068880081,0.291717261,0.841052473,0.715182364,0.906699121
Argentina,High,High,2018,,,,,0.845894694,-0.216326356,67.050003052,5.792796612,10.032198906,0.320502073,0.855255246,0.732069910,0.899911582
Argentina,High,High,2019,,,,,0.817052603,-0.216646522,67.099998474,6.085560799,10.002053261,0.319054842,0.830459774,0.734905839,0.896370530
Argentina,High,High,2020,,,,,0.823391616,-0.130777866,67.150001526,5.900567055,9.887622833,0.342496932,0.815780461,0.679316759,0.897103846
Argentina,High,High,2021,,,,,0.819479346,-0.014380322,67.199996948,5.908278942,9.977072716,0.345131576,0.816256702,0.684860051,0.882304549
Argentina,High,High,2022,,,,,0.825188935,-0.130209446,67.25,6.260993481,10.018916130,0.284279197,0.810037434,0.724068344,0.893329561
Argentina,High,High,2023,,,,,0.831683755,-0.129060909,67.300003052,6.393228531,9.993596077,0.301162183,0.846093535,0.720122218,0.892117500
Armenia,Medium,Medium,2006,,,,,0.520197809,-0.234901160,63.840000153,4.289310932,9.020847321,0.469418824,0.849513113,0.453417510,0.681876779
Armenia,Medium,High,2007,,,,,0.605410755,-0.254977107,64.080001831,4.881515503,9.156567574,0.411717415,0.817444861,0.453751594,0.759644330
Armenia,Medium,High,2008,,,,,0.462156564,-0.219045147,64.319999695,4.651972294,9.230296135,0.384891808,0.876099229,0.486230165,0.709485531
Armenia,Medium,Medium,2009,,,,,0.441412747,-0.217770666,64.559997559,4.177581787,9.084740639,0.411279917,0.881887496,0.479002982,0.680006921
Armenia,Medium,Medium,2010,,,,,0.459256709,-0.179985702,64.800003052,4.367811203,9.112593651,0.426495850,0.890629232,0.436747700,0.660342336
Armenia,Medium,High,2011,,,,,0.464524716,-0.229737729,65.040000916,4.260491371,9.164417267,0.459074080,0.874601007,0.410856694,0.705108464
Armenia,Medium,Medium,2012,,,,,0.501863778,-0.220027179,65.279998779,4.319711685,9.238924980,0.463855445,0.892544389,0.469874054,0.676446438
Armenia,Medium,High,2013,,,,,0.504081845,-0.200980872,65.519996643,4.277191162,9.275876045,0.449949831,0.899796784,0.502904475,0.723260045
Armenia,Medium,High,2014,,,,,0.506487131,-0.224627823,65.760002136,4.453083038,9.315198898,0.403984338,0.920390487,0.510197997,0.738763511
Armenia,Medium,High,2015,,,,,0.551026642,-0.209386602,66,4.348319530,9.350626945,0.437947720,0.901462197,0.526852846,0.722551048
Armenia,Medium,High,2016,,,,,0.610986948,-0.177760348,66.275001526,4.325471878,9.357068062,0.437227815,0.921421051,0.515989423,0.709218323
Armenia,Medium,Medium,2017,,,,,0.613697052,-0.154760510,66.550003052,4.287736416,9.434254646,0.437148750,0.864683330,0.552406728,0.697924912
Armenia,High,High,2018,,,,,0.807643652,-0.171078265,66.824996948,5.062448502,9.490350723,0.454840273,0.676826358,0.535402834,0.814449012
Armenia,High,High,2019,,,,,0.844324112,-0.181429639,67.099998474,5.488086700,9.569241524,0.430463403,0.583472729,0.536562622,0.781603873
Armenia,High,High,2021,,,,,0.795169771,-0.158733442,67.650001526,5.300568581,9.560512543,0.477539957,0.705333829,0.565781593,0.762044132
Armenia,High,High,2022,,,,,0.789598525,-0.157764032,67.925003052,5.381942749,9.682954788,0.549468338,0.704730451,0.530931175,0.811169267
Armenia,High,High,2023,,,,,0.819376290,-0.179444075,68.199996948,5.679090023,9.729613304,0.422630548,0.680708945,0.574716747,0.819337785
Australia,High,High,2005,,,,,0.934973300,,69.800003052,7.340688229,10.662057877,0.238012090,0.390415937,0.769770324,0.967892170
Australia,High,High,2007,,,,,0.890681982,0.341636926,69.959999084,7.285390854,10.694434166,0.215350643,0.512578487,0.762303889,0.965276182
Australia,High,High,2008,,,,,0.915733337,0.299932748,70.040000916,7.253757477,10.709456444,0.218427315,0.430810511,0.728992283,0.946635187
Australia,High,High,2010,,,,,0.932058573,0.311334163,70.199996948,7.450047016,10.713648796,0.220073208,0.366127402,0.761715531,0.954519570
Australia,High,High,2011,,,,,0.944586456,0.363977283,70.279998779,7.405616283,10.723385811,0.195323676,0.381771743,0.724132299,0.967029214
Australia,High,High,2012,,,,,0.935146272,0.268277258,70.360000610,7.195585728,10.744205475,0.214396909,0.368251741,0.728092372,0.944599032
Australia,High,High,2013,,,,,0.933379173,0.263427556,70.440002441,7.364169121,10.752454758,0.177142262,0.431539029,0.770147145,0.928205192
Australia,High,High,2014,,,,,0.922932267,0.313164353,70.519996643,7.288550377,10.763002396,0.245304301,0.442021370,0.739815295,0.923798740
Australia,High,High,2015,,,,,0.921871006,0.326532662,70.599998474,7.309060574,10.769908905,0.209636971,0.356554389,0.749503672,0.951861560
Australia,High,High,2016,,,,,0.922315717,0.233216360,70.675003052,7.250080109,10.781229019,0.236085787,0.398545116,0.735895514,0.942334235
Australia,High,High,2017,,,,,0.910550177,0.312023610,70.75,7.257037640,10.787260056,0.225360975,0.411346525,0.728149831,0.949957848
Australia,High,High,2018,,,,,0.916028142,0.141161278,70.824996948,7.176993370,10.800652504,0.187456369,0.404647499,0.705982745,0.940137267
Australia,High,High,2019,,,,,0.917536914,0.115171500,70.900001526,7.233994961,10.807282448,0.202190071,0.430208653,0.726976216,0.942774355
Australia,High,High,2020,,,,,0.905282974,0.201514840,70.974998474,7.137367725,10.794416428,0.205077678,0.491094828,0.725688934,0.936517000
Australia,High,High,2021,,,,,0.912402213,0.234270692,71.050003052,7.111598969,10.815255165,0.235314175,0.453676045,0.739800155,0.919755280
Australia,High,High,2022,,,,,0.853776991,0.152756467,71.125,7.034696102,10.839532852,0.243919715,0.545216978,0.710771859,0.941673338
Australia,High,High,2023,,,,,0.875768781,0.187309042,71.199996948,7.024582386,10.846433640,0.248162821,0.481580466,0.731053114,0.896460056
Austria,High,High,2006,,,,,0.941382349,0.296715409,69.5,7.122211456,10.836452484,0.173811689,0.490111172,0.746153116,0.936350405
Austria,High,High,2008,,,,,0.879069269,0.285624593,69.699996948,7.180953979,10.881175041,0.173194528,0.613625228,0.716296494,0.934592783
Austria,High,High,2010,,,,,0.895979762,0.125214159,69.900001526,7.302678585,10.855983734,0.155792549,0.546144843,0.710301936,0.914193332
Austria,High,High,2011,,,,,0.939355612,0.125893205,70,7.470512867,10.881422043,0.145237550,0.702721000,0.672192097,0.944156826
Austria,High,High,2012,,,,,0.919703901,0.112118557,70.099998474,7.400688648,10.883644104,0.156674996,0.770585775,0.712149978,0.945142388
Austria,High,High,2013,,,,,0.921734452,0.162564397,70.199996948,7.498802662,10.878005028,0.162603319,0.678936899,0.725053191,0.949809194
Austria,High,High,2014,,,,,0.885026872,0.111924440,70.300003052,6.949999809,10.876780510,0.170149550,0.566931307,0.720965326,0.898920476
Austria,High,High,2015,,,,,0.900305152,0.093210064,70.400001526,7.076447010,10.875664711,0.164469033,0.557479620,0.747707725,0.928110301
Austria,High,High,2016,,,,,0.888513982,0.074128650,70.525001526,7.048071861,10.884549141,0.197423846,0.523640990,0.713450849,0.926318586
Austria,High,High,2017,,,,,0.890030563,0.127590865,70.650001526,7.293727875,10.899937630,0.180268720,0.518303812,0.698889375,0.906217813
Austria,High,High,2018,,,,,0.904111981,0.047986846,70.775001526,7.396001816,10.919031143,0.226058796,0.523060560,0.694627702,0.911668122
Austria,High,High,2019,,,,,0.903427660,0.054290283,70.900001526,7.195361137,10.929644585,0.205169737,0.457088888,0.727341115,0.964488804
Austria,High,High,2020,,,,,0.911909878,0.004416046,71.025001526,7.213489056,10.858776093,0.206499651,0.463830173,0.716352284,0.924831212
Austria,High,High,2021,,,,,0.794845939,0.157758057,71.150001526,7.079640865,10.898980141,0.259080172,0.500808597,0.721865237,0.862975955
Austria,High,High,2022,,,,,0.855502605,0.137434915,71.275001526,6.998997211,10.938103676,0.226394817,0.524212122,0.717616439,0.876287401
Austria,High,High,2023,,,,,0.874083400,0.209268272,71.400001526,6.635663986,10.930412292,0.239608079,0.529429734,0.712496579,0.874427319
Azerbaijan,High,High,2006,,,,,0.771528184,-0.239249572,60.580001831,4.727870941,9.154187202,0.275695145,0.774117172,0.468755603,0.854414880
Azerbaijan,Medium,High,2007,,,,,0.522046328,-0.211112499,60.860000610,4.568159580,9.365991592,0.284357488,0.870909989,0.474291265,0.753246784
Azerbaijan,Medium,Medium,2008,,,,,0.601043284,-0.033816166,61.139999390,4.817189217,9.447179794,0.226795420,0.715124726,0.560817659,0.684267223
Azerbaijan,Medium,High,2009,,,,,0.498138398,-0.091217078,61.419998169,4.573725224,9.515311241,0.233942479,0.753849745,0.522001684,0.735970318
Azerbaijan,Medium,Medium,2010,,,,,0.501071095,-0.127726480,61.700000763,4.218610764,9.552669525,0.271873325,0.858346641,0.516271651,0.687000990
Azerbaijan,Medium,High,2011,,,,,0.537484288,-0.110236593,61.979999542,4.680469513,9.540638924,0.258117318,0.795119047,0.521693528,0.725193918
Azerbaijan,Medium,High,2012,,,,,0.598859072,-0.145623028,62.259998322,4.910771847,9.548772812,0.266093403,0.763154805,0.523312867,0.761873245
Azerbaijan,Medium,High,2013,,,,,0.671956956,-0.173443988,62.540000916,5.481178284,9.592310905,0.242455453,0.698819578,0.516089082,0.769690156
Azerbaijan,High,High,2014,,,,,0.732772946,-0.213816494,62.819999695,5.251530170,9.606963158,0.219982117,0.653845310,0.502086222,0.799433351
Azerbaijan,High,High,2015,,,,,0.764289498,-0.203404874,63.099998474,5.146774769,9.605931282,0.206114277,0.615552545,0.520429969,0.785702765
Azerbaijan,High,High,2016,,,,,0.712573171,-0.209799886,63.224998474,5.303894997,9.563261986,0.191117197,0.606770813,0.508836508,0.777271032
Azerbaijan,High,High,2017,,,,,0.731030464,-0.230797321,63.349998474,5.152279377,9.555447578,0.198318660,0.652539015,0.511526883,0.787039399
Azerbaijan,High,High,2018,,,,,0.772449255,-0.237282962,63.474998474,5.167995453,9.561672211,0.191391662,0.561206281,0.527072668,0.781229913
Azerbaijan,High,High,2019,,,,,0.854248524,-0.220026985,63.599998474,5.173389435,9.577898979,0.163920254,0.457260668,0.576897144,0.886756420
Azerbaijan,High,Medium,2022,,,,,0.800278306,0.075115576,63.974998474,4.576281548,9.618797302,0.401156694,0.696445882,0.532808185,0.665234566
Azerbaijan,High,High,2023,,,,,0.828686178,-0.160170138,64.099998474,5.213894844,9.636955261,0.221318364,0.626640737,0.509061158,0.713477850
Bahrain,High,High,2009,,,,,0.895931423,0.031081190,64.760002136,5.700523376,10.713811874,0.421889484,0.506103933,0.707422376,0.904143453
Bahrain,High,High,2010,,,,,0.862002909,-0.008172389,65,5.936869144,10.727663994,0.422670722,0.714620173,0.641039014,0.877115071
Bahrain,High,High,2011,,,,,0.869870365,-0.061170913,65.239997864,4.823976040,10.748598099,0.513719201,0.582522452,0.505992472,0.907867730
Bahrain,Medium,High,2012,,,,,0.681822896,,65.480003357,5.027186871,10.774645805,0.380814761,0.437915266,0.559415758,0.911349595
Bahrain,High,High,2013,,,,,0.809205949,,65.720001221,6.689711094,10.797850609,0.306209415,0.524703264,0.711107612,0.883780539
Bahrain,High,High,2014,,,,,,,65.959999084,6.165133953,10.801980972,,,,
Bahrain,High,High,2015,,,,,0.849521160,0.105753139,66.199996948,6.007375240,10.788364410,0.302972108,,0.653344750,0.852550745
Bahrain,High,High,2016,,,,,0.888691068,0.081555523,66.125,6.169673443,10.789036751,0.283466339,,0.736219883,0.862700105
Bahrain,High,High,2017,,,,,0.905858517,0.128364637,66.050003052,6.227320671,10.798134804,0.289759517,,0.754333019,0.875747144
Bahrain,High,High,2019,,,,,0.906535506,0.034658972,65.900001526,7.098012447,10.815147400,0.317106396,,0.711386263,0.877929449
Bahrain,High,High,2020,,,,,0.945232570,0.115052603,65.824996948,6.173175812,10.778840065,0.296835452,,0.729510307,0.847745061
Bahrain,High,High,2023,,,,,0.868560851,0.154635057,65.599998474,5.959068298,10.876857758,0.335940003,,0.670568645,0.817477226
Bangladesh,Medium,Medium,2006,,,,,0.611664236,0.051904269,59.119998932,4.318909168,7.939726353,0.320792794,0.785916209,0.458654761,0.672002196
Bangladesh,Medium,Medium,2007,,,,,0.604538321,0.023823204,59.639999390,4.607322216,7.997421265,0.313138157,0.806116879,0.484255552,0.514170706
Bangladesh,Medium,Medium,2008,,,,,0.606012166,-0.060345136,60.159999847,5.052278519,8.046941757,0.231860757,0.801819921,0.544638395,0.466553479
Bangladesh,Medium,Medium,2009,,,,,0.630931079,-0.091406956,60.680000305,5.082851410,8.087361336,0.223253846,0.776003957,0.505846858,0.527813554
Bangladesh,Medium,Medium,2010,,,,,0.659005642,-0.033089165,61.200000763,4.858481407,8.130166054,0.292425215,0.773530483,0.495740086,0.549398482
Bangladesh,High,Medium,2011,,,,,0.837995350,-0.086190157,61.720001221,4.985649109,8.180617332,0.234981537,0.757002652,0.501307309,0.606459022
Bangladesh,Medium,Medium,2012,,,,,0.667682290,-0.051156636,62.240001678,4.724443913,8.231357574,0.183245391,0.764894426,0.537134707,0.581765294
Bangladesh,High,Medium,2013,,,,,0.741518021,-0.032282341,62.759998322,4.660161018,8.277083397,0.246052667,0.742774189,0.491930902,0.530139685
Bangladesh,High,Medium,2014,,,,,0.735512853,-0.114852585,63.279998779,4.635564804,8.323469162,0.230678365,0.789374709,,0.577065051
Bangladesh,High,Medium,2015,,,,,0.814796269,-0.085095786,63.799999237,4.633473873,8.375026703,0.225753754,0.720600903,0.543083906,0.601468265
Bangladesh,High,Medium,2016,,,,,0.874700487,-0.105295949,63.924999237,4.556140900,8.431437492,0.235022455,0.687853634,0.436627895,0.649116933
Bangladesh,High,High,2017,,,,,0.896217167,-0.004369633,64.050003052,4.309771061,8.482762337,0.213505760,0.635014474,0.436497033,0.712552786
Bangladesh,High,High,2018,,,,,0.901470840,-0.058901828,64.175003052,4.499217033,8.541788101,0.361237794,0.701421201,0.432964891,0.705556035
Bangladesh,High,Medium,2019,,,,,0.901936650,-0.066822916,64.300003052,5.114216805,8.606523514,0.369471550,0.656004608,0.432665378,0.673172176
Bangladesh,High,High,2020,,,,,0.777467191,-0.025424831,64.425003052,5.279986858,8.628980637,0.331708789,0.741659164,0.484559894,0.739337921
Bangladesh,High,Medium,2021,,,,,0.893013358,0.088946044,64.550003052,4.123318672,8.684572220,0.448261052,0.746206582,0.503551364,0.484740287
Bangladesh,High,Medium,2022,,,,,0.864576280,-0.057563301,64.675003052,3.407532215,8.742415428,0.448060185,0.616872370,0.393517077,0.403707534
Bangladesh,High,Medium,2023,,,,,0.919209421,0.018997489,64.800003052,4.113548756,8.782783508,0.434581816,0.755618155,0.435327172,0.449802071
Belarus,High,High,2006,,,,,0.707080483,-0.251650542,60.060001373,5.657649994,9.489098549,0.269400358,0.708274722,0.535119176,0.917898655
Belarus,Medium,High,2007,,,,,0.667299509,-0.230481893,60.619998932,5.616976261,9.576188087,0.234981403,0.694849432,0.502456009,0.857527673
Belarus,Medium,High,2008,,,,,0.639923871,-0.225739762,61.180000305,5.463332176,9.676768303,0.245659292,0.696495950,,0.903700352
Belarus,Medium,High,2009,,,,,0.679292619,-0.208717331,61.740001678,5.564131260,9.681225777,0.223291501,0.675543070,0.544300735,0.907777846
Belarus,High,High,2010,,,,,0.700064421,-0.168346778,62.299999237,5.525923252,9.758502007,0.208272159,0.706120610,0.531847715,0.918000162
Belarus,Medium,High,2011,,,,,0.656010866,-0.173767433,62.860000610,5.225307941,9.813235283,0.249455392,0.671938658,0.493381172,0.909887791
Belarus,Medium,High,2012,,,,,0.645248830,-0.223155677,63.419998169,5.749043465,9.831532478,0.180764526,0.657430232,0.515112579,0.901961505
Belarus,High,High,2013,,,,,0.723431289,-0.183382422,63.979999542,5.876466274,9.841900826,0.206219658,0.653039157,0.545432627,0.922505975
Belarus,Medium,High,2014,,,,,0.647184551,-0.054183707,64.540000916,5.812400818,9.858454704,0.208535567,0.681508720,0.575067043,0.880258858
Belarus,Medium,High,2015,,,,,0.622753441,-0.097301282,65.099998474,5.718907833,9.818076134,0.184309959,0.668678164,0.545734644,0.924072623
Belarus,Medium,High,2016,,,,,0.658228815,-0.131470308,65.324996948,5.177899361,9.791616440,0.182106122,0.664055169,0.502697408,0.926551104
Belarus,Medium,High,2017,,,,,0.620979249,-0.127593905,65.550003052,5.552915096,9.817715645,0.232768074,0.654113412,0.501735687,0.900255799
Belarus,Medium,High,2018,,,,,0.643602371,-0.180581927,65.775001526,5.233769894,9.850864410,0.235728621,0.718455493,0.408883572,0.904569268
Belarus,Medium,High,2019,,,,,0.656933606,-0.192211419,66,5.821453094,9.867240906,0.189821407,0.545904756,0.558989465,0.916740477
Belgium,High,High,2005,,,,,0.923843026,,68.400001526,7.262290478,10.743807793,0.260379940,0.597554445,0.676885664,0.934874713
Belgium,High,High,2007,,,,,0.900870383,0.063508436,68.720001221,7.218839645,10.791181564,0.217604309,0.721093476,0.743583977,0.921602786
Belgium,High,High,2008,,,,,0.887026727,0.000982332,68.879997253,7.116590977,10.787740707,0.241797924,0.651800513,0.709397256,0.922977030
Belgium,High,High,2010,,,,,0.806930244,0.016307479,69.199996948,6.853514194,10.778384209,0.240364328,0.697365582,0.793344319,0.930570185
Belgium,High,High,2011,,,,,0.880153596,-0.020142276,69.360000610,7.111363888,10.782177925,0.225056365,0.711043894,0.752021194,0.936955452
Belgium,High,High,2012,,,,,0.855266631,-0.056060374,69.519996643,6.935122013,10.783341408,0.238276809,0.757572532,0.718186975,0.927117050
Belgium,High,High,2013,,,,,0.890711069,0.010700807,69.680000305,7.103661060,10.783209801,0.217138946,0.573664308,0.738157332,0.909186184
Belgium,High,High,2014,,,,,0.860953510,-0.004647197,69.839996338,6.855329037,10.794432640,0.251557052,0.511975765,0.743678153,0.943549156
Belgium,High,High,2015,,,,,0.869474947,0.056212045,70,6.904219151,10.808846474,0.239958704,0.468784630,0.747103333,0.885208845
Belgium,High,High,2016,,,,,0.865759015,-0.061682250,70.150001526,6.948936462,10.816370964,0.259653389,0.496659100,0.701093376,0.928964078
Belgium,High,High,2017,,,,,0.856801987,0.048653286,70.300003052,6.928347588,10.828584671,0.233597696,0.543046057,0.713402271,0.921639085
Belgium,High,High,2018,,,,,0.808386624,-0.130479306,70.449996948,6.892171860,10.841803551,0.250297338,0.630411804,0.681712568,0.929815531
Belgium,High,High,2019,,,,,0.776203632,-0.177975908,70.599998474,6.772138119,10.858762741,0.243630841,0.672497511,0.699042499,0.884230494
Belgium,High,High,2020,,,,,0.766917825,-0.171890751,70.75,6.838760853,10.799335480,0.260188788,0.633626759,0.619125485,0.903558671
Belgium,High,High,2021,,,,,0.822503090,0.077355251,70.900001526,6.881756306,10.855599403,0.260030925,0.523367822,0.686583519,0.914856791
Belgium,High,High,2022,,,,,0.889889002,0.095051169,71.050003052,6.856874466,10.880984306,0.234773248,0.483384430,0.718479693,0.922732711
Belgium,High,High,2023,,,,,0.870200217,0.064940251,71.199996948,6.943598747,10.883184433,0.245495796,0.521571338,0.725244045,0.895955026
Belize,High,High,2007,,,,,0.705305934,0.005843545,64.300003052,6.450644493,9.191672325,0.250595719,0.768984437,0.731540143,0.872266650
Belize,High,High,2014,,,,,0.873569071,-0.001536045,65,5.955646515,9.135219574,0.281604409,0.782105386,0.735027134,0.756932497
Benin,Medium,Medium,2006,,,,,0.580069304,-0.014729296,51.959999084,3.329801559,7.843532562,0.309100270,0.789862454,0.520846486,0.444781214
Benin,High,Low,2008,,,,,0.709476948,-0.007773304,52.479999542,3.667139530,7.891244411,0.302546173,0.825245738,0.573909700,0.382373512
Benin,High,Medium,2011,,,,,0.772918761,-0.145410895,53.259998322,3.870279551,7.876235485,0.218678460,0.849472225,0.574438930,0.477494389
Benin,High,Medium,2012,,,,,0.768971086,-0.114408366,53.520000458,3.193468809,7.894076347,0.230664536,0.805977643,0.563014567,0.523027301
Benin,High,Medium,2013,,,,,0.783240497,-0.087806888,53.779998779,3.479412794,7.934523106,0.216339186,0.855955541,0.645733833,0.576823056
Benin,High,Medium,2014,,,,,0.775545776,-0.098641723,54.040000916,3.347419262,7.966898441,0.273385257,0.854826927,0.558378994,0.506091297
Benin,High,Medium,2015,,,,,0.733383596,-0.029444881,54.299999237,3.624664307,7.955011368,0.373396546,0.850098193,0.554649472,0.434388518
Benin,High,Medium,2016,,,,,0.779795229,-0.067745596,54.599998474,4.007357597,7.958364010,0.455767602,0.837715745,0.578206301,0.492815852
Benin,High,Medium,2017,,,,,0.726808250,-0.067527711,54.900001526,4.853180885,7.984066486,0.457920343,0.767234623,0.597829580,0.435878992
Benin,High,Medium,2018,,,,,0.713264048,-0.000269894,55.200000763,5.819827080,8.019667625,0.467871815,0.746510744,0.625308931,0.503544033
Benin,High,Medium,2019,,,,,0.770359993,-0.018436283,55.5,4.976360798,8.057199478,0.441398770,0.698346972,0.638348281,0.442153931
Benin,High,Medium,2020,,,,,0.783114672,-0.086156644,55.799999237,4.407745838,8.066674232,0.304512441,0.531883657,0.556501985,0.506636083
Benin,High,Medium,2021,,,,,0.724061847,-0.016322508,56.099998474,4.493431091,8.108187675,0.434594899,0.612547100,0.596800864,0.435524195
Benin,High,Low,2022,,,,,0.714036763,-0.033209149,56.400001526,4.217325687,8.141821861,0.443851084,0.579618931,0.570917666,0.365682811
Benin,High,Low,2023,,,,,0.785600841,-0.072594620,56.700000763,4.419834137,8.173913002,0.428076893,0.575304806,0.573023438,0.398187995
Bhutan,High,High,2013,,,,,0.810201466,0.348954111,62.240001678,5.569091797,9.097064972,0.217349902,0.802428126,0.663675606,0.818948984
Bhutan,High,High,2014,,,,,0.834222496,0.264028728,62.419998169,4.938578129,9.143029213,0.324097872,0.650338471,0.774639130,0.880341947
Bhutan,High,High,2015,,,,,0.830101550,0.273348331,62.599998474,5.082128525,9.197989464,0.311589301,0.633955777,0.723232627,0.847574413
Bolivia,High,High,2006,,,,,0.770134747,-0.048466709,60.900001526,5.373986244,8.670664787,0.431944966,0.794484198,0.708094001,0.834279954
Bolivia,High,High,2007,,,,,0.779935241,-0.003597249,61.099998474,5.628419399,8.697794914,0.387786239,0.816993952,0.745734930,0.796136498
Bolivia,High,High,2008,,,,,0.725619733,-0.095963754,61.299999237,5.297872543,8.740165710,0.392079622,0.801420391,0.723477721,0.785262346
Bolivia,High,High,2009,,,,,0.778938591,-0.040326852,61.5,6.085579395,8.756053925,0.372369289,0.762604535,0.742098808,0.831319928
Bolivia,High,High,2010,,,,,0.703341067,-0.072667733,61.700000763,5.780620098,8.779529572,0.349597335,0.781342506,0.720217526,0.807185590
Bolivia,High,High,2011,,,,,0.781673729,-0.043374170,61.900001526,5.778874397,8.813483238,0.361485541,0.824854314,0.688715518,0.816782832
Bolivia,High,High,2012,,,,,0.862379670,-0.019001685,62.099998474,6.018894672,8.846890450,0.408880144,0.839701414,0.699352384,0.780819416
Bolivia,High,High,2013,,,,,0.845931649,-0.070954867,62.299999237,5.767428875,8.896345139,0.410301536,0.811856568,0.721060872,0.802738070
Bolivia,High,High,2014,,,,,0.881058872,0.013756881,62.5,5.864798546,8.933479309,0.398219466,0.831854463,0.769011080,0.821344614
Bolivia,High,High,2015,,,,,0.883625090,-0.033569381,62.700000763,5.834329128,8.965176582,0.392902851,0.862373948,0.748659253,0.828705788
Bolivia,High,High,2016,,,,,0.881748736,-0.050763894,62.849998474,5.769723415,8.991458893,0.376412243,0.852592945,0.735729158,0.795958757
Bolivia,High,High,2017,,,,,0.883904934,-0.124353066,63,5.650552750,9.017354012,0.433943540,0.819261968,0.655216575,0.778661788
Bolivia,High,High,2018,,,,,0.863246858,-0.096809901,63.150001526,5.915734291,9.043848038,0.387468874,0.786044598,0.705477774,0.827159464
Bolivia,High,High,2019,,,,,0.881310940,-0.089567795,63.299999237,5.674270630,9.051198006,0.419328213,0.857220411,0.700826466,0.784301400
Bolivia,High,High,2020,,,,,0.877031922,-0.055559989,63.450000763,5.559258938,8.946366310,0.381791174,0.868208289,0.728823423,0.804810882
Bolivia,High,High,2021,,,,,0.861731231,-0.058087707,63.599998474,5.568624020,8.993698120,0.403487325,0.812174439,0.721001804,0.797810495
Bolivia,High,High,2022,,,,,0.865010440,-0.082771040,63.75,5.928882122,9.012033463,0.425688803,0.840244710,0.738011003,0.823510289
Bolivia,High,High,2023,,,,,0.831521213,-0.058520824,63.900001526,5.859886169,9.024975777,0.401113987,0.876588285,0.753396809,0.786039412
Bosnia and Herzegovina,Low,High,2007,,,,,0.341565669,0.005883091,67,4.899806976,9.190536499,0.296465814,0.926124990,0.570178032,0.765603840
Bosnia and Herzegovina,Low,High,2009,,,,,0.257533818,-0.027483663,67,4.963477135,9.246046066,0.390204102,0.958739877,0.506855667,0.735232174
Bosnia and Herzegovina,Low,High,2010,,,,,0.364966899,-0.130517364,67,4.668517590,9.272006035,0.409213185,0.933030069,0.464506060,0.772753716
Bosnia and Herzegovina,Low,High,2011,,,,,0.333312094,-0.037751582,67,4.994670868,9.299545288,0.325734705,0.924784362,0.551055074,0.725242853
Bosnia and Herzegovina,Medium,High,2012,,,,,0.419789314,-0.015885832,67,4.773144722,9.309835434,0.338240683,0.953421950,0.468601346,0.778859854
Bosnia and Herzegovina,Low,High,2013,,,,,0.390341580,0.038655978,67,5.123664379,9.348645210,0.314516038,0.969836235,0.489300579,0.766827762
Bosnia and Herzegovina,Medium,High,2014,,,,,0.411937386,0.228936791,67,5.248954296,9.373052597,0.262175202,0.976339638,0.490834683,0.787651718
Bosnia and Herzegovina,Medium,Medium,2015,,,,,0.630698025,-0.058186617,67,5.117177963,9.428470612,0.286234140,0.959853649,0.485843688,0.655723631
Bosnia and Herzegovina,Medium,High,2016,,,,,0.633453727,0.130190253,67.050003052,5.180865288,9.472752571,0.304080278,0.957311988,0.565980375,0.807705104
Bosnia and Herzegovina,Medium,High,2017,,,,,0.563798666,0.087202974,67.099998474,5.089902401,9.516513824,0.270745516,0.923343062,0.526639640,0.775295258
Bosnia and Herzegovina,Medium,High,2018,,,,,0.658846438,0.118348844,67.150001526,5.887401104,9.565740585,0.277365059,0.912857771,0.567694068,0.835889578
Bosnia and Herzegovina,High,High,2019,,,,,0.721563220,0.073885210,67.199996948,6.015522480,9.605866432,0.238068551,0.962908030,0.544666409,0.873141944
Bosnia and Herzegovina,High,High,2020,,,,,0.740250826,0.131949529,67.25,5.515816212,9.587919235,0.325412303,0.916052163,0.601870954,0.898518682
Bosnia and Herzegovina,High,High,2021,,,,,0.758979201,0.273763925,67.300003052,5.748823166,9.673637390,0.305352151,0.920913935,0.604092598,0.859953582
Bosnia and Herzegovina,High,High,2022,,,,,0.742652774,0.190595254,67.349998474,5.872055054,9.723370552,0.285396785,0.933476865,0.542543471,0.855961502
Bosnia and Herzegovina,High,High,2023,,,,,0.847237289,0.240803793,67.400001526,6.008581161,9.759161949,0.248722270,0.947699368,0.578550041,0.878786922
Botswana,High,High,2006,,,,,0.823774636,-0.200533777,48.840000153,4.739367008,9.494558334,0.225759342,0.723239183,0.642786026,0.883035779
Botswana,High,High,2008,,,,,0.857776403,-0.166702151,49.720001221,5.451147079,9.542919159,0.217885971,0.806226492,0.676590025,0.831905305
Botswana,High,High,2010,,,,,0.826219380,-0.140634984,50.599998474,3.553020239,9.445678711,0.172184274,0.813985407,0.616944194,0.865624785
Botswana,High,High,2011,,,,,0.812514067,-0.247899964,51.040000916,3.519921064,9.491771698,0.159782797,0.816158473,0.647245646,0.860028088
Botswana,High,High,2012,,,,,0.799410224,-0.196959585,51.479999542,4.835938931,9.470852852,0.171257362,0.814422846,0.694941163,0.836743116
Botswana,High,High,2013,,,,,0.767357409,-0.147624508,51.919998169,4.128298759,9.557082176,0.243771017,0.748847783,0.670878947,0.855570793
Botswana,High,High,2014,,,,,0.791371226,-0.098926321,52.360000610,4.031197071,9.593237877,0.245051414,0.743073821,0.626258194,0.859477818
Botswana,High,High,2015,,,,,0.857168913,-0.107627913,52.799999237,3.761964798,9.523887634,0.261428148,0.860292971,0.675721586,0.815656066
Botswana,High,High,2016,,,,,0.851694882,-0.245928928,53.075000763,3.498936653,9.573143005,0.251836598,0.729171813,0.657055497,0.768302798
Botswana,High,High,2017,,,,,0.817308009,-0.241930425,53.349998474,3.504881144,9.592658043,0.276252508,0.731441498,0.612189233,0.768258631
Botswana,High,High,2018,,,,,0.817621112,-0.248105854,53.625,3.461365700,9.613274574,0.267083704,0.806945443,0.687993288,0.794936001
Botswana,High,High,2019,,,,,0.832542658,-0.233168274,53.900001526,3.471084833,9.623641014,0.272721767,0.792079508,0.665049851,0.773667216
Botswana,High,High,2022,,,,,0.739403069,-0.218454257,54.724998474,3.435275078,9.649758339,0.286919117,0.830940306,0.623351395,0.750399292
Botswana,High,High,2023,,,,,0.741224110,-0.264173627,55,3.331647873,9.673301697,0.247490123,0.813935578,0.656547189,0.701358497
Brazil,High,High,2005,,,,,0.882186115,,63.099998474,6.636771202,9.435151100,0.301779836,0.744994044,0.769921243,0.882922947
Brazil,High,High,2007,,,,,0.776644826,-0.021670189,63.419998169,6.320672989,9.511839867,0.299222767,0.728038490,0.774856150,0.886402428
Brazil,High,High,2008,,,,,0.781931102,-0.083113514,63.580001831,6.691424847,9.551653862,0.265485525,0.688272774,0.717656076,0.878107548
Brazil,High,High,2009,,,,,0.766716063,-0.060707111,63.740001678,7.000831604,9.540863991,0.274103165,0.722514987,0.743982553,0.912818074
Brazil,High,High,2010,,,,,0.805949271,-0.059442099,63.900001526,6.837331295,9.604052544,0.249881223,0.656036079,0.725931287,0.905528128
Brazil,High,High,2011,,,,,0.833655775,-0.077810943,64.059997559,7.037816525,9.633741379,0.267524213,0.662166715,0.698406935,0.916252911
Brazil,High,High,2012,,,,,0.848606348,,64.220001221,6.660003662,9.643767357,0.349758685,0.622543156,0.685310841,0.890314102
Brazil,High,High,2013,,,,,0.784814954,-0.100164481,64.379997253,7.140282631,9.664690018,0.275667757,0.706954181,0.724736154,0.910421729
Brazil,High,High,2014,,,,,0.713814318,-0.120650783,64.540000916,6.980998993,9.661138535,0.273540527,0.710303426,0.717960238,0.898316443
Brazil,High,High,2015,,,,,0.798935294,-0.021022275,64.699996948,6.546896935,9.616577148,0.324699104,0.771339059,0.687063634,0.906693101
Brazil,High,High,2016,,,,,0.806571543,-0.105772823,64.875,6.374817371,9.575156212,0.302083820,0.781092763,0.711286247,0.912455142
Brazil,High,High,2017,,,,,0.764792562,-0.180597365,65.050003052,6.332929134,9.580375671,0.307716906,0.794457376,0.669117153,0.904694259
Brazil,High,High,2018,,,,,0.750609040,-0.122794770,65.224998474,6.190921783,9.590117455,0.349656254,0.763251305,0.676684558,0.881505251
Brazil,High,High,2019,,,,,0.830206037,-0.067816429,65.400001526,6.451148987,9.594590187,0.337051332,0.761840582,0.701250315,0.899175048
Brazil,High,High,2020,,,,,0.786235094,-0.060806289,65.574996948,6.109717846,9.554622650,0.389138550,0.728772223,0.653299630,0.830832124
Brazil,High,High,2021,,,,,0.791507721,0.086184427,65.75,6.009953499,9.598020554,0.407182962,0.738571405,0.661550403,0.814328671
Brazil,High,High,2022,,,,,0.829771340,-0.063893273,65.925003052,6.257079601,9.622016907,0.340775043,0.741963506,0.680912554,0.865809739
Brazil,High,High,2023,,,,,0.869661331,-0.036035303,66.099998474,6.552690983,9.634684563,0.312832564,0.732849240,0.694193065,0.856452703
Bulgaria,Medium,High,2007,,,,,0.565786600,-0.145663857,64.779998779,3.843797922,9.745569229,0.226256058,0.976061046,0.500228405,0.831507623
Bulgaria,Medium,High,2010,,,,,0.544536412,-0.152965218,65.199996948,3.912276268,9.807011604,0.237594187,0.940970004,0.513383150,0.843272030
Bulgaria,Medium,High,2011,,,,,0.663527906,-0.236375868,65.339996338,3.875382423,9.834218025,0.270931035,0.947978675,0.489642143,0.860272288
Bulgaria,Medium,High,2012,,,,,0.641256452,-0.180770397,65.480003357,4.222297192,9.847531319,0.236632824,0.938208699,0.509555280,0.837966621
Bulgaria,Medium,High,2013,,,,,0.603213370,-0.199144945,65.620002747,3.993020535,9.847506523,0.278313011,0.962047100,0.536720932,0.829132318
Bulgaria,Medium,High,2014,,,,,0.575595915,-0.062365212,65.760002136,4.438439846,9.862812996,0.235593721,0.954636931,0.542282879,0.885949194
Bulgaria,Medium,High,2015,,,,,0.636817813,-0.207007244,65.900001526,4.865401268,9.902899742,0.214223832,0.941279948,0.555951655,0.907517016
Bulgaria,High,High,2016,,,,,0.700265527,-0.176851079,66,4.837560654,9.939859390,0.171699852,0.935988188,0.544566214,0.926036060
Bulgaria,Medium,High,2017,,,,,0.689047039,-0.160293892,66.099998474,5.096901894,9.974410057,0.188637346,0.910799742,0.541951478,0.941754580
Bulgaria,High,High,2018,,,,,0.724335909,-0.182064161,66.199996948,5.098813534,10.008125305,0.189090982,0.952014446,0.553910315,0.923853278
Bulgaria,High,High,2019,,,,,0.821929872,-0.114947274,66.300003052,5.108438015,10.054751396,0.199888319,0.942806482,0.576582789,0.948204398
Bulgaria,High,High,2020,,,,,0.818224788,-0.012253655,66.400001526,5.597723007,10.020362854,0.221351057,0.900632977,0.642387509,0.916242361
Bulgaria,High,High,2021,,,,,0.841188073,-0.017904371,66.5,5.421693325,10.102083206,0.252776712,0.891248465,0.646759868,0.883621037
Bulgaria,High,High,2022,,,,,0.741359413,-0.151569903,66.599998474,5.378348827,10.197015762,0.165301874,0.941625774,0.581908226,0.952761054
Bulgaria,High,High,2023,,,,,0.754324257,-0.131297529,66.699996948,5.589599133,10.272789955,0.191884160,0.947856188,0.539438784,0.934916198
Burkina Faso,Medium,High,2006,,,,,0.588338017,0.026074894,49.439998627,3.801490784,7.327224731,0.265572011,0.797700584,0.677514315,0.796405017
Burkina Faso,Medium,High,2007,,,,,0.582292378,-0.062261336,49.880001068,4.017130375,7.337188244,0.280694842,0.832764924,0.609042525,0.770785034
Burkina Faso,Medium,High,2008,,,,,0.612064183,-0.103037156,50.319999695,3.846438885,7.364132404,0.303892225,0.887124360,0.538071811,0.726650596
Burkina Faso,Medium,High,2010,,,,,0.586580753,-0.038497802,51.200000763,4.035560608,7.415699959,0.216673478,0.767335117,0.564608276,0.773103535
Burkina Faso,High,High,2011,,,,,0.724568486,-0.106959395,51.639999390,4.785367489,7.450127602,0.204735845,0.706798375,0.578328431,0.709528148
Burkina Faso,Medium,High,2012,,,,,0.621848702,-0.071973592,52.080001831,3.955008030,7.482338905,0.299722940,0.726286888,0.486566842,0.743765771
Burkina Faso,High,High,2013,,,,,0.741257429,-0.018215159,52.520000458,3.325949669,7.508564949,0.286765754,0.764721453,0.592102945,0.745216608
Burkina Faso,High,High,2014,,,,,0.709964514,-0.006055626,52.959999084,3.481347799,7.521125793,0.255644113,0.800757825,0.603991866,0.742262065
Burkina Faso,Medium,High,2015,,,,,0.659102738,0.001228763,53.400001526,4.418930054,7.529865265,0.359287649,0.692723989,0.554707587,0.705393493
Burkina Faso,Medium,High,2016,,,,,0.644681513,-0.002879497,53.775001526,4.205634594,7.558389664,0.337300181,0.720542431,0.590086639,0.764401138
Burkina Faso,Medium,High,2017,,,,,0.613774717,-0.065626979,54.150001526,4.646891117,7.589920044,0.353821069,0.727451324,0.579846919,0.784761369
Burkina Faso,High,Medium,2018,,,,,0.720743477,-0.015507361,54.525001526,4.927236080,7.626189232,0.342865527,0.757398605,0.656122029,0.664859474
Burkina Faso,Medium,Medium,2019,,,,,0.677546859,-0.006531264,54.900001526,4.740892887,7.654472828,0.364775389,0.729396582,0.656233430,0.683102369
Burkina Faso,High,Medium,2020,,,,,0.750226498,0.119574845,55.275001526,4.639639854,7.646704197,0.388477534,0.808745325,0.604512036,0.667708993
Burkina Faso,Medium,Medium,2021,,,,,0.644101620,0.063950993,55.650001526,4.635508537,7.686983585,0.363105804,0.736158907,0.619715929,0.657543600
Burkina Faso,High,Medium,2023,,,,,0.715367317,0.104911596,56.400001526,4.462207794,7.692993641,0.346472025,0.649692655,0.639460027,0.580303073
Burundi,Low,Low,2008,,,,,0.260069311,-0.022360979,49.659999847,3.563227654,6.700229168,0.252771467,0.859813631,0.415189862,0.290933818
Burundi,Medium,Low,2009,,,,,0.427355915,-0.021462269,50.279998779,3.791680813,6.686863422,0.163642839,0.718203425,0.606855750,0.325692534
Burundi,Medium,Medium,2011,,,,,0.489863038,-0.063365385,51.520000458,3.705894232,6.694147110,0.190344945,0.677107692,0.571715295,0.422240019
Burundi,Medium,Medium,2014,,,,,0.431384981,-0.059028614,53.380001068,2.904535055,6.722984791,0.251094639,0.807618856,0.621641695,0.564678133
Burundi,Medium,Medium,2018,,,,,0.646398604,-0.026634101,55.200000763,3.775283098,6.607255936,0.362766594,0.598607659,0.635593653,0.484715223
Cambodia,High,High,2006,,,,,,0.250096232,57.639999390,3.568744659,7.746443272,0.341023296,0.829181135,,0.793081462
Cambodia,High,Medium,2007,,,,,0.818699539,0.110562585,57.979999542,4.155971050,7.826251507,0.320335418,0.878507555,,0.675132096
Cambodia,High,Medium,2008,,,,,0.914172947,0.040608004,58.319999695,4.462163925,7.874457359,0.335324019,0.888392031,0.599989057,0.619264305
Cambodia,High,High,2009,,,,,0.937233329,0.147660166,58.659999847,4.110625744,7.860245228,0.187686995,0.964778960,0.691364467,0.818258047
Cambodia,High,Medium,2010,,,,,0.940131187,0.344960243,59,4.141072273,7.903593063,0.421966344,0.895714462,0.661971390,0.697163820
Cambodia,High,High,2011,,,,,0.927462399,0.413481414,59.340000153,4.161225319,7.957363129,0.307868689,0.775355637,0.637012541,0.715518951
Cambodia,High,Medium,2012,,,,,0.955595791,0.241560802,59.680000305,3.898706913,8.013453484,0.351858586,0.890136123,0.713434279,0.605528593
Cambodia,High,Medium,2013,,,,,0.940592945,0.158509463,60.020000458,3.674466848,8.070134163,0.440311670,0.811991632,0.669755757,0.650589585
Cambodia,High,Medium,2014,,,,,0.937544584,0.233871236,60.360000610,3.883305550,8.125146866,0.481934011,0.842555106,0.681957722,0.693434179
Cambodia,High,High,2015,,,,,0.956319809,0.204405278,60.700000763,4.162164688,8.178988457,0.399102688,0.825130224,0.731492698,0.728610277
Cambodia,High,High,2016,,,,,0.957821488,0.070266694,60.900001526,4.461259365,8.232682228,0.398200303,0.840416849,0.712588370,0.745901227
Cambodia,High,High,2017,,,,,0.963774681,0.081889950,61.099998474,4.585842133,8.287207603,0.408283830,0.821022928,0.668839991,0.765094936
Cambodia,High,High,2018,,,,,0.958304822,0.029282020,61.299999237,5.121837616,8.347026825,0.414345801,,0.723344207,0.794605374
Cambodia,High,High,2019,,,,,0.956799209,0.006691447,61.5,4.998284817,8.403866768,0.389586300,0.828444481,0.703703225,0.759175479
Cambodia,High,High,2020,,,,,0.963075459,0.047209065,61.700000763,4.376985073,8.360816002,0.389851630,0.863053977,0.770770192,0.724422634
Cambodia,High,High,2021,,,,,0.965093315,0.011983036,61.900001526,4.555141449,8.378979683,0.391309649,0.844353080,0.759146988,0.712757587
Cambodia,High,High,2022,,,,,0.946244061,0.150784791,62.099998474,4.250280857,8.418594360,0.387783885,0.859684169,0.755761087,0.783601880
Cambodia,High,High,2023,,,,,0.960692763,0.069959581,62.299999237,4.221345425,8.461865425,0.394301385,0.799151599,0.683386028,0.737613380
Cameroon,Medium,Medium,2006,,,,,0.653422654,-0.020480869,47.840000153,3.851072073,8.089927673,0.270873696,0.907067657,0.588019311,0.689600766
Cameroon,Medium,High,2007,,,,,0.643883944,-0.042105891,48.279998779,4.349939346,8.104486465,0.248631328,0.910349727,0.629790902,0.717394173
Cameroon,Medium,Medium,2008,,,,,0.580257237,-0.079203151,48.720001221,4.291800499,8.104195595,0.312484980,0.945002794,0.612912178,0.696715772
Cameroon,Medium,High,2009,,,,,0.698030412,-0.027185762,49.159999847,4.741408348,8.101195335,0.249821514,0.925447285,0.591877580,0.728693902
Cameroon,High,High,2010,,,,,0.792220175,-0.007668766,49.599998474,4.554256916,8.101261139,0.273786336,0.874718666,0.593696296,0.758640707
Cameroon,High,High,2011,,,,,0.816693783,-0.038277987,50.040000916,4.433885098,8.106182098,0.271676332,0.869615674,0.607725799,0.737992823
Cameroon,High,High,2012,,,,,0.766064227,-0.041452084,50.479999542,4.244634151,8.123253822,0.284447879,0.898028791,0.616639733,0.742837310
Cameroon,High,High,2013,,,,,0.794075966,-0.039338604,50.919998169,4.271038055,8.143866539,0.268199235,0.867257416,0.639725685,0.760194361
Cameroon,High,High,2014,,,,,0.794645548,-0.080033205,51.360000610,4.240441322,8.169133186,0.216039628,0.855849743,0.604288578,0.777777076
Cameroon,High,Medium,2015,,,,,0.791428566,0.040916361,51.799999237,5.037964821,8.192779541,0.346430004,0.868049026,0.623713493,0.646312475
Cameroon,High,Medium,2016,,,,,0.712507010,-0.011576062,52.474998474,4.816232204,8.207217216,0.367093384,0.879450560,0.634631455,0.659299791
Cameroon,High,Medium,2017,,,,,0.766945004,-0.036360420,53.150001526,5.074051380,8.213678360,0.377498746,0.843585610,0.632240534,0.694596410
Cameroon,High,Medium,2018,,,,,0.816304982,0.027834417,53.825000763,5.250737667,8.224833488,0.355642408,0.884441614,0.629664183,0.676825225
Cameroon,High,High,2019,,,,,0.711500287,-0.015118799,54.5,4.936737537,8.231245041,0.326395005,0.817170262,0.606392264,0.710964739
Cameroon,Medium,High,2020,,,,,0.674509168,0.041722640,55.174999237,5.241077900,8.206723213,0.386478961,0.836517215,0.626284778,0.720046639
Cameroon,High,Medium,2021,,,,,0.715301752,-0.029174557,55.849998474,4.962747574,8.216213226,0.346513718,0.848717153,0.612028599,0.694936395
Cameroon,Medium,Medium,2022,,,,,0.674506366,0.022366883,56.525001526,4.712408066,8.225029945,0.362230659,0.849325359,0.585759640,0.629108608
Cameroon,High,High,2023,,,,,0.739136577,-0.027583390,57.200000763,4.945847034,8.237628937,0.355630189,0.855074942,0.588308990,0.715873539
Canada,High,High,2005,,,,,0.957306266,0.246242791,70.5,7.418048382,10.707299232,0.233278155,0.502681196,0.783298850,0.961552441
Canada,High,High,2007,,,,,0.930341303,0.243818983,70.620002747,7.481752872,10.733992577,0.256810069,0.405608416,0.811577201,
Canada,High,High,2008,,,,,0.926314950,0.255926937,70.680000305,7.485603809,10.733157158,0.202174947,0.369587809,0.802223682,0.938707411
Canada,High,High,2009,,,,,0.915057838,0.240570098,70.739997864,7.487824440,10.692043304,0.247633159,0.412622124,0.793210924,0.942844510
Canada,High,High,2010,,,,,0.933948815,0.224797651,70.800003052,7.650346279,10.711356163,0.233112857,0.412659585,0.791042447,0.953765452
Canada,High,High,2011,,,,,0.950925291,0.247491941,70.860000610,7.426053524,10.732544899,0.247728661,0.432991534,0.802899837,0.921669245
Canada,High,High,2012,,,,,0.917961121,0.284352452,70.919998169,7.415144444,10.739143372,0.229332089,0.465601832,0.775568783,0.948128343
Canada,High,High,2013,,,,,0.916013896,0.309982091,70.980003357,7.593793869,10.751601219,0.262850314,0.406236142,0.800634027,0.936239362
Canada,High,High,2014,,,,,0.938897610,0.264188111,71.040000916,7.304257870,10.769844055,0.258602411,0.441735327,0.790682673,0.917836308
Canada,High,High,2015,,,,,0.931468964,0.247151405,71.099998474,7.412772655,10.768951416,0.286280215,0.427152246,0.791708946,0.939067066
Canada,High,High,2016,,,,,0.912423909,0.205493033,71.150001526,7.244845867,10.767591476,0.237422869,0.385090441,0.767764688,0.924392521
Canada,High,High,2017,,,,,0.945145011,0.157329857,71.199996948,7.414868355,10.785542488,0.217981160,0.362034321,0.799357772,0.933748960
Canada,High,High,2018,,,,,0.945782900,0.099991746,71.25,7.175496578,10.798810005,0.259397656,0.371740848,0.772559404,0.922718763
Canada,High,High,2019,,,,,0.911525607,0.105329096,71.300003052,7.109076500,10.803153992,0.284833759,0.436434418,0.780721545,0.925303996
Canada,High,High,2020,,,,,0.886892200,0.042831473,71.349998474,7.024904728,10.740340233,0.306673735,0.434012353,0.738485336,0.930610716
Canada,High,High,2021,,,,,0.898229182,0.188829497,71.400001526,6.939435482,10.783488274,0.276232809,0.383990496,0.762826681,0.926076412
Canada,High,High,2022,,,,,0.838263929,0.220141381,71.449996948,6.917935371,10.798652649,0.286747754,0.442000180,0.719482660,0.929101527
Canada,High,High,2023,,,,,0.847096443,0.196032763,71.5,6.841206551,10.794280052,0.303659618,0.467925131,0.726323426,0.902472913
Central African Republic,Medium,Medium,2007,,,,,0.662871003,0.079134695,41.479999542,4.160129547,6.945773602,0.329995304,0.782130718,0.566929102,0.532296896
Central African Republic,Medium,Medium,2010,,,,,0.689950883,-0.036531497,42.5,3.567892551,7.030765533,0.256705284,0.845376968,0.477915257,0.483333886
Central African Republic,High,Low,2011,,,,,0.780017793,-0.015852885,42.840000153,3.677826405,7.056532860,0.277179927,0.834498882,0.501872838,0.387390912
Central African Republic,Medium,Low,2016,,,,,0.624056518,0.033374783,44.75,2.693061113,6.707346439,0.494268060,0.859073043,0.550785124,0.290184170
Central African Republic,Medium,Low,2017,,,,,0.645252347,0.073952734,45.299999237,3.475862026,6.732925415,0.599335492,0.889566004,0.602205455,0.319589138
Chad,Low,High,2006,,,,,0.306131899,0.022182750,47.080001831,3.434800625,7.369199753,0.262727261,0.961073756,0.571167529,0.724308193
Chad,Low,Medium,2007,,,,,0.294611782,-0.017087676,47.459999084,4.141326904,7.367519379,0.245208368,0.873609602,0.597516537,0.478950858
Chad,Medium,Medium,2008,,,,,0.526610374,0.057102691,47.840000153,4.632468224,7.363130569,0.225483745,0.943553567,0.569265902,0.570834816
Chad,Medium,Medium,2009,,,,,0.401370287,0.016038176,48.220001221,3.639445066,7.369256973,0.221047014,0.931180775,0.601492822,0.645713627
Chad,Medium,High,2010,,,,,0.504612565,0.019540451,48.599998474,3.742871046,7.462245941,0.287240535,0.857664049,0.560185730,0.733713627
Chad,Medium,High,2011,,,,,0.540267944,0.025336066,48.979999542,4.393482208,7.428129673,0.289146483,0.876383662,0.578596532,0.818844020
Chad,Medium,Medium,2012,,,,,0.562908113,-0.039235897,49.360000610,4.032974720,7.478353500,0.315747142,0.884475827,0.498229086,0.672866464
Chad,Medium,High,2013,,,,,0.488210350,-0.050513353,49.740001678,3.507663012,7.498218060,0.314174235,0.881972373,0.437320441,0.714144647
Chad,Medium,High,2014,,,,,0.566795349,-0.074732877,50.119998932,3.460182905,7.529241562,0.328528851,0.880934000,0.523712218,0.733066797
Chad,Medium,High,2015,,,,,0.474360883,-0.033554900,50.5,4.322675228,7.524701118,0.358437926,0.888639390,0.592612624,0.751252234
Chad,Medium,Medium,2016,,,,,0.525222123,0.047189847,50.875,4.029350281,7.428617477,0.467566758,0.819788873,0.563527167,0.616204858
Chad,Medium,Medium,2017,,,,,0.614849687,0.003208776,51.25,4.558937073,7.365028381,0.538245440,0.792389929,0.584315419,0.660615563
Chad,Medium,Medium,2018,,,,,0.650354564,0.019827008,51.625,4.486325264,7.354710102,0.543836236,0.762879312,0.532490015,0.577253580
Chad,Medium,Medium,2019,,,,,0.537245691,0.050811246,52,4.250799179,7.353720188,0.460061282,0.832283497,0.556210697,0.640452087
Chad,Medium,High,2022,,,,,0.679479539,0.218081951,53.125,4.396646023,7.253237247,0.499192148,0.805424452,0.588191628,0.719671786
Chad,Medium,Medium,2023,,,,,0.586063147,0.138054550,53.5,4.544095516,7.253596783,0.466506362,0.755027592,0.541471183,0.608547866
Chile,High,High,2006,,,,,0.744291902,0.161182940,67.779998779,6.062851906,9.869904518,0.347656876,0.633629858,0.752415180,0.835543633
Chile,Medium,High,2007,,,,,0.661905110,0.236461386,67.959999084,5.697929859,9.910489082,0.342261910,0.722670555,0.708403945,0.814620972
Chile,Medium,High,2008,,,,,0.640201688,0.076158978,68.139999390,5.789438725,9.937674522,0.329703212,0.740667343,0.706395447,0.803758562
Chile,High,High,2009,,,,,0.746614039,0.141188860,68.319999695,6.493686199,9.916161537,0.299891174,0.734211445,0.755948484,0.831581831
Chile,High,High,2010,,,,,0.786367476,0.099770650,68.5,6.635655880,9.962940216,0.300116688,0.701824725,0.759538412,0.856955230
Chile,High,High,2011,,,,,0.700734138,0.103500284,68.680000305,6.526334763,10.013404846,0.316876173,0.752755523,0.757600784,0.819078863
Chile,High,High,2012,,,,,0.733610928,0.186461717,68.860000610,6.599128723,10.063391685,0.287592113,0.782117426,0.736138999,0.855235577
Chile,High,High,2013,,,,,0.736887336,0.076591611,69.040000916,6.740153790,10.086292267,0.285453886,0.741154909,0.790639281,0.862404704
Chile,High,High,2014,,,,,0.733326375,0.208937109,69.220001221,6.844238281,10.093991280,0.276103258,0.758497715,0.799998224,0.861552179
Chile,High,High,2015,,,,,0.768881440,0.032290194,69.400001526,6.532749653,10.104988098,0.332746744,0.811511338,0.752153039,0.827141881
Chile,Medium,High,2016,,,,,0.652289748,0.094010539,69.550003052,6.579056263,10.110476494,0.283042103,0.858124971,0.791725159,0.841388166
Chile,High,High,2017,,,,,0.790116489,-0.028496502,69.699996948,6.320119381,10.108341217,0.291042089,0.835987508,0.764839888,0.879840791
Chile,High,High,2018,,,,,0.788530350,-0.067922011,69.849998474,6.436220646,10.129506111,0.275820225,0.816297412,0.755468130,0.890084922
Chile,Medium,High,2019,,,,,0.659176767,-0.110306911,70,5.942250252,10.118996620,0.337243795,0.860491574,0.740561962,0.869121909
Chile,High,High,2020,,,,,0.781383574,0.025615076,70.150001526,6.150642872,10.041968346,0.336028606,0.811818838,0.752884626,0.888412297
Chile,High,High,2021,,,,,0.803415060,-0.051669259,70.300003052,6.435630798,10.143006325,0.220878571,0.858552754,0.735079885,0.891460538
Chile,High,High,2022,,,,,0.793485582,-0.013632132,70.449996948,6.415198803,10.161461830,0.252545208,0.796396375,0.775208235,0.886761963
Chile,High,High,2023,,,,,0.814988375,-0.026870742,70.599998474,6.229820251,10.154905319,0.263090849,0.835945129,0.778553486,0.874380529
China,High,High,2006,,,,,,,65.660003662,4.560495377,8.696139336,0.169580385,,0.657658756,0.747011304
China,High,High,2007,,,,,,-0.181686908,65.919998169,4.862862110,8.823967934,0.158613518,,0.663977444,0.810852408
China,High,High,2008,,,,,0.853072047,-0.097940996,66.180000305,4.846294880,8.910973549,0.146963045,,0.705133259,0.748287320
China,High,High,2009,,,,,0.771143258,-0.165975302,66.440002441,4.454360962,8.995828629,0.161650240,,0.669665992,0.798034370
China,High,High,2010,,,,,0.804793596,-0.138841406,66.699996948,4.652736664,9.092073441,0.158099651,,0.658100963,0.767752588
China,High,High,2011,,,,,0.824162364,-0.191884726,66.959999084,5.037207603,9.177826881,0.133503452,,0.710054815,0.787171185
China,High,High,2012,,,,,0.808255136,-0.190065071,67.220001221,5.094917297,9.246742249,0.158702999,,0.689159811,0.787818193
China,High,High,2013,,,,,0.804723918,-0.163062707,67.480003357,5.241090298,9.314874649,0.142211050,,0.717135847,0.777895868
China,High,High,2014,,,,,,-0.221989721,67.739997864,5.195619106,9.380201340,0.111517705,,0.709763110,0.820366025
China,High,High,2015,,,,,,-0.249619752,68,5.303877831,9.442431450,0.171314985,,0.666827261,0.793733716
China,High,High,2016,,,,,,-0.232702181,68.125,5.324955940,9.502945900,0.145625159,,0.683255911,0.741703033
China,High,High,2017,,,,,0.877617598,-0.179998800,68.25,5.099061489,9.564058304,0.214004755,,0.681665182,0.772033215
China,High,High,2018,,,,,0.895377696,-0.163686261,68.375,5.131433964,9.624698639,0.189639792,,0.721578658,0.787605345
China,High,High,2019,,,,,0.927356243,-0.178123966,68.5,5.144120216,9.678953171,0.146511838,,0.760266900,0.821935892
China,High,High,2020,,,,,0.891122997,-0.108709417,68.625,5.771064758,9.698712349,0.244918227,,0.662961006,0.808334470
China,High,High,2021,,,,,0.874755502,0.019626977,68.75,5.862864494,9.778915405,0.239618436,,0.697809815,0.856006980
China,High,High,2023,,,,,0.793378353,-0.031570960,69,6.144763947,9.860808372,0.210350052,,0.707985163,0.796982527
Colombia,High,High,2006,,,,,0.804661810,-0.020559410,66.319999695,6.024942875,9.277318954,0.325588256,0.807830036,0.775695443,0.910293102
Colombia,High,High,2007,,,,,0.785865963,-0.045971841,66.540000916,6.138411522,9.330128670,0.287090033,0.859760880,0.774423897,0.893706799
Colombia,High,High,2008,,,,,0.795083821,-0.047403667,66.760002136,6.168395042,9.350756645,0.307162195,0.763223946,0.767762363,0.880066812
Colombia,High,High,2009,,,,,0.757100701,-0.060351674,66.980003357,6.271604538,9.350772858,0.273131490,0.837143481,0.786378622,0.885926604
Colombia,High,High,2010,,,,,0.816121101,-0.055076797,67.199996948,6.408113480,9.383470535,0.264659166,0.814524472,0.791580796,0.892992675
Colombia,High,High,2011,,,,,0.810907423,-0.078959666,67.419998169,6.463952541,9.439705849,0.285958856,0.847268522,0.784792185,0.904147327
Colombia,High,High,2012,,,,,0.827868104,-0.014806001,67.639999390,6.374879837,9.467689514,0.293702394,0.868371546,0.828550577,0.914372623
Colombia,High,High,2013,,,,,0.841173172,-0.076198071,67.860000610,6.606550694,9.507854462,0.278113931,0.898202121,0.814823985,0.900777876
Colombia,High,High,2014,,,,,0.801191449,-0.095715478,68.080001831,6.448789120,9.542390823,0.278056443,0.886645734,0.824772537,0.907402635
Colombia,High,High,2015,,,,,0.790897965,-0.105686396,68.300003052,6.387571812,9.562101364,0.291769385,0.842899323,0.803392112,0.889900029
Colombia,High,High,2016,,,,,0.834966123,-0.106113091,68.474998474,6.233715057,9.572073936,0.294222772,0.897553861,0.770469427,0.881900370
Colombia,High,High,2017,,,,,0.837554634,-0.162901849,68.650001526,6.157341957,9.570453644,0.299308956,0.875018120,0.790257096,0.909249961
Colombia,High,High,2018,,,,,0.850765765,-0.154003009,68.824996948,5.983512402,9.576817513,0.300624102,0.854820907,0.774537921,0.870970428
Colombia,High,High,2019,,,,,0.821500719,-0.177251473,69,6.350297928,9.589880943,0.321806282,0.853646159,0.790579498,0.872578919
Colombia,High,High,2020,,,,,0.840186119,-0.090607457,69.175003052,5.709175110,9.499893188,0.340158582,0.807964027,0.758542895,0.797035217
Colombia,High,High,2021,,,,,0.774668455,-0.065359101,69.349998474,5.289958477,9.592960358,0.348332316,0.831330955,0.751658380,0.792830646
Colombia,High,High,2022,,,,,0.799183786,-0.164073959,69.525001526,5.891712189,9.658327103,0.305503905,0.862641215,0.761744440,0.876949430
Colombia,High,High,2023,,,,,0.823471069,-0.142464593,69.699996948,5.904404163,9.666558266,0.285416901,0.870226681,0.754103422,0.833208442
Comoros,Medium,Medium,2009,,,,,0.507845283,-0.082094610,56.759998322,3.476027250,7.998597145,0.167317495,0.838115692,0.626087248,0.629426777
Comoros,Medium,High,2010,,,,,0.528675258,-0.003436043,57,3.812191010,8.014837265,0.177948058,0.741181731,0.664167643,0.721342921
Comoros,Medium,High,2011,,,,,0.499673873,-0.083851740,57.240001678,3.838485956,8.034251213,0.173323005,0.731508493,0.622124016,0.721832752
Comoros,Medium,High,2012,,,,,0.534040928,-0.129967168,57.479999542,3.955640316,8.044060707,0.211843818,0.651009262,0.616151214,0.719217896
Comoros,Medium,Medium,2018,,,,,0.560182333,0.075484633,58.724998474,3.972819567,8.100110054,0.337493658,0.793758333,0.688426197,0.621302962
Comoros,Medium,Medium,2019,,,,,0.538261533,0.067343354,58.900001526,4.608616352,8.098840714,0.336162895,0.762232482,0.665162265,0.632012963
Comoros,Medium,Medium,2022,,,,,0.480553567,-0.018242540,59.424999237,3.545203686,8.085107803,0.351545244,0.732310832,0.602503002,0.471820921
Comoros,Medium,Medium,2023,,,,,0.452211350,0.004197449,59.599998474,3.588056326,8.094624519,0.404681206,0.704126537,0.535039544,0.482587487
Congo (Brazzaville),Medium,Medium,2008,,,,,0.525746763,-0.125361219,52.240001678,3.819792271,8.389738083,0.297789842,,0.602977395,0.554771900
Congo (Brazzaville),High,Medium,2011,,,,,0.744807184,-0.137462452,53.380001068,4.509824276,8.502156258,0.287876040,0.832713723,0.601302743,0.637117505
Congo (Brazzaville),High,Medium,2012,,,,,0.772510767,-0.143951237,53.759998322,3.919341803,8.569225311,0.322582960,0.799653709,0.546509743,0.622330368
Congo (Brazzaville),High,Medium,2013,,,,,0.725815654,-0.107252538,54.139999390,3.954950571,8.538008690,0.291401565,0.751723707,0.598945916,0.679934680
Congo (Brazzaville),Medium,Medium,2014,,,,,0.661638141,-0.139847323,54.520000458,4.056012630,8.579113007,0.400229424,0.808412731,0.557721436,0.685934663
Congo (Brazzaville),High,Medium,2015,,,,,0.850172460,-0.128948465,54.900001526,4.690830231,8.519078255,0.260670513,0.841359496,0.555227578,0.642136157
Congo (Brazzaville),High,Medium,2016,,,,,0.785906553,-0.090701230,55.224998474,4.119493484,8.381088257,0.303666711,0.790385723,0.586020231,0.615449011
Congo (Brazzaville),High,Medium,2017,,,,,0.777783453,-0.147698149,55.549999237,4.883991241,8.312362671,0.381640553,0.762783110,0.573506653,0.655440509
Congo (Brazzaville),Medium,Medium,2018,,,,,0.698700070,-0.104898229,55.875,5.490214348,8.239173889,0.447646171,0.738020182,0.571407259,0.620622933
Congo (Brazzaville),Medium,Medium,2019,,,,,0.686451972,-0.059419263,56.200000763,5.212622643,8.214752197,0.405040830,0.740589440,0.594482303,0.624768078
Congo (Brazzaville),High,Medium,2020,,,,,0.760727525,-0.024262654,56.525001526,5.079139233,8.127007484,0.434675574,0.727796018,0.572090924,0.596515119
Congo (Brazzaville),High,Medium,2021,,,,,0.737661481,-0.022623979,56.849998474,4.920531273,8.081596375,0.420455933,0.732729912,0.567556679,0.567651093
Congo (Brazzaville),Medium,Medium,2022,,,,,0.697694480,0.024633087,57.174999237,5.804918766,8.074151993,0.476883620,0.759754062,0.582619011,0.646345079
Congo (Brazzaville),High,Medium,2023,,,,,0.702421248,-0.050732214,57.5,4.953729630,8.086013794,0.409167320,0.745044410,0.585092247,0.560727715
Congo (Kinshasa),Medium,High,2009,,,,,0.556487560,-0.024741407,49.400001526,3.983848572,6.699410915,0.282622427,0.824010491,0.487423629,0.733060241
Congo (Kinshasa),Medium,High,2011,,,,,0.631108582,-0.028094269,50.400001526,4.516963959,6.768578053,0.208352298,0.856494904,0.564573765,0.743946671
Congo (Kinshasa),Medium,High,2012,,,,,0.557286203,-0.037327319,50.900001526,4.639227390,6.803482056,0.229651377,0.807406604,0.626130402,0.769545972
Congo (Kinshasa),Medium,High,2013,,,,,0.480394155,0.009411546,51.400001526,4.497477055,6.850804329,0.187094659,0.912991524,0.555594087,0.829852045
Congo (Kinshasa),Medium,High,2014,,,,,0.556099296,0.006495448,51.900001526,4.414299965,6.906826973,0.304635078,0.813676000,0.519370258,0.822286069
Congo (Kinshasa),Medium,High,2015,,,,,0.573763788,-0.050225258,52.400001526,3.902741671,6.939807892,0.301049381,0.866378009,0.537650287,0.767235577
Congo (Kinshasa),Medium,High,2016,,,,,0.637366712,-0.026901487,52.825000763,4.521935463,6.928858280,0.222411484,0.874999642,0.610230744,0.864154518
Congo (Kinshasa),High,Medium,2017,,,,,0.704239547,0.066002920,53.25,4.311033249,6.931022167,0.404262066,0.809181869,0.540647209,0.669688404
Congo (Kinshasa),Medium,Medium,2022,,,,,0.664101124,0.080377035,55.375,3.207196712,7.032319069,0.461423427,0.835640848,0.563382447,0.654081404
Congo (Kinshasa),Medium,Medium,2023,,,,,0.687303185,0.152351975,55.799999237,3.383397579,7.075861931,0.497351319,0.837273300,0.545732021,0.572274745
Costa Rica,High,High,2006,,,,,0.882419884,0.051643964,68.559997559,7.082465172,9.606750488,0.235549212,0.797522187,0.815273166,0.936938047
Costa Rica,High,High,2007,,,,,0.922735691,0.089156516,68.720001221,7.432132244,9.671673775,0.240080148,0.819655001,0.825872421,0.917678237
Costa Rica,High,High,2008,,,,,0.912005961,0.086975835,68.879997253,6.850679874,9.704121590,0.232947230,0.815712631,0.838356972,0.915759027
Costa Rica,High,High,2009,,,,,0.886061072,0.056548558,69.040000916,7.614928722,9.681844711,0.217024222,0.786559105,0.839989483,0.899781644
Costa Rica,High,High,2010,,,,,0.881029606,0.038452990,69.199996948,7.271053791,9.721186638,0.221241251,0.762587249,0.826531351,0.915141284
Costa Rica,High,High,2011,,,,,0.926105797,-0.042061027,69.360000610,7.228888512,9.751876831,0.269225210,0.836583257,0.793523431,0.892048180
Costa Rica,High,High,2012,,,,,0.928914070,0.036735523,69.519996643,7.272250175,9.787511826,0.263027132,0.794301391,0.836753607,0.902206898
Costa Rica,High,High,2013,,,,,0.897879303,0.008821010,69.680000305,7.158000469,9.800621033,0.278147429,0.812863111,0.808915198,0.902069271
Costa Rica,High,High,2014,,,,,0.926707387,0.000320478,69.839996338,7.247086048,9.824480057,0.289528906,0.788037479,0.797013283,0.914211214
Costa Rica,High,High,2015,,,,,0.906925678,-0.068427615,70,6.854004383,9.849885941,0.286440313,0.761419415,0.810668409,0.878272951
Costa Rica,High,High,2016,,,,,0.872971952,-0.041810066,70,7.135617733,9.880914688,0.281422287,0.780562043,0.830013096,0.900701284
Costa Rica,High,High,2017,,,,,0.935618460,-0.085839681,70,7.225181580,9.911863327,0.275440067,0.742350757,0.790628314,0.921697140
Costa Rica,High,High,2018,,,,,0.941888332,-0.116606459,70,7.141074657,9.928339958,0.325866640,0.781301796,0.801593184,0.875872433
Costa Rica,High,High,2019,,,,,0.926830113,-0.155930817,70,6.997618675,9.943575859,0.303327233,0.835628331,0.791270852,0.906077445
Costa Rica,High,High,2020,,,,,0.889399767,-0.138505712,70,6.338472366,9.892345428,0.349548459,0.772164285,0.758924901,0.834199548
Costa Rica,High,High,2021,,,,,0.886652231,-0.028736476,70,6.408448219,9.961270332,0.317840338,0.781826913,0.774057925,0.876052320
Costa Rica,High,High,2022,,,,,0.910026312,-0.049201563,70,7.076658249,9.998219490,0.271905601,0.750560999,0.793032348,0.901608407
Costa Rica,High,High,2023,,,,,0.933381498,-0.066685498,70,7.384068966,10.020896912,0.281794608,0.766937912,0.806322098,0.874572039
Croatia,Medium,High,2007,,,,,0.662205756,-0.098623209,66.940002441,5.820907593,10.173645020,0.337084860,0.934273541,0.549708128,0.909822166
Croatia,Medium,High,2009,,,,,0.549258351,-0.277662367,67.180000305,5.433319569,10.119981766,0.272170246,0.958130538,0.557369649,0.860663235
Croatia,Medium,High,2010,,,,,0.564372659,-0.244268641,67.300003052,5.595575333,10.109936714,0.258886874,0.972738981,0.553552032,0.796391606
Croatia,Medium,High,2011,,,,,0.516932428,-0.204984099,67.419998169,5.385372639,10.112523079,0.272979707,0.976777494,0.551857710,0.789738715
Croatia,Medium,High,2012,,,,,0.541909754,-0.249593765,67.540000916,6.027634621,10.091986656,0.271040529,0.923860013,0.571653247,0.775817871
Croatia,Medium,High,2013,,,,,0.626699686,-0.211284339,67.660003662,5.885462761,10.090785027,0.284729958,0.936059833,0.554081142,0.751262069
Croatia,Medium,Medium,2014,,,,,0.518878043,0.124925710,67.779998779,5.380692482,10.090556145,0.285895109,0.917735159,0.544727087,0.645697773
Croatia,Medium,High,2015,,,,,0.693523049,-0.103702001,67.900001526,5.205438137,10.123706818,0.294019341,0.848545551,0.570057213,0.768363416
Croatia,Medium,High,2016,,,,,0.671970546,-0.071900651,68.074996948,5.416875362,10.165665627,0.336541265,0.884059787,0.568961382,0.798332155
Croatia,High,High,2017,,,,,0.715822279,-0.111835398,68.25,5.343165874,10.211227417,0.316488236,0.891559720,0.618256450,0.770309687
Croatia,Medium,High,2018,,,,,0.690855622,-0.158326283,68.425003052,5.536271095,10.247783661,0.290375978,0.925408304,0.512389958,0.909806848
Croatia,High,High,2019,,,,,0.739300609,-0.145356104,68.599998474,5.625743866,10.286963463,0.269154519,0.931614637,0.503806353,0.935988724
Croatia,High,High,2020,,,,,0.836657643,-0.071387969,68.775001526,6.507992268,10.201585770,0.285609752,0.960939288,0.681406796,0.922913492
Croatia,High,High,2021,,,,,0.841837883,0.000932322,68.949996948,6.286790371,10.367008209,0.274197161,0.933650374,0.640148699,0.917741537
Croatia,Medium,High,2022,,,,,0.593485951,-0.212913781,69.125,5.578691483,10.434864044,0.266854137,0.875081480,0.573152721,0.909984350
Croatia,Medium,High,2023,,,,,0.573221087,-0.205369905,69.300003052,5.958378792,10.461684227,0.230373800,0.810467243,0.609835505,0.908594966
Cuba,Low,High,2006,,,,,0.281457931,,68,5.417868614,,0.276601523,,0.596187174,0.969595134
Cyprus,High,High,2006,,,,,0.836101174,0.012063324,70.160003662,6.237958431,10.567411423,0.253212214,0.712468922,0.704202533,0.878201067
Cyprus,High,High,2009,,,,,0.774590671,0.048209604,70.639999390,6.833477497,10.559349060,0.329307944,0.801423609,0.668310106,0.811736107
Cyprus,High,High,2010,,,,,0.755362809,0.066237092,70.800003052,6.386546135,10.555774689,0.295705855,0.833427012,0.699333131,0.822123706
Cyprus,High,High,2011,,,,,0.745468855,0.173334613,70.959999084,6.689608574,10.534419060,0.272299588,0.840676486,0.682390809,0.843654513
Cyprus,High,High,2012,,,,,0.724629581,0.091768011,71.120002747,6.180507183,10.484100342,0.368632913,0.870691717,0.687085271,0.767177105
Cyprus,Medium,High,2013,,,,,0.656267941,0.095682248,71.279998779,5.438952446,10.418280602,0.420258701,0.867310464,0.656831086,0.744032085
Cyprus,High,High,2014,,,,,0.715065658,0.053511366,71.440002441,5.627123833,10.411366463,0.397172987,0.868237555,0.661480188,0.770175993
Cyprus,Medium,High,2015,,,,,0.628034830,0.107458279,71.599998474,5.439161301,10.450677872,0.383106411,0.892795146,0.659941733,0.769556105
Cyprus,High,High,2016,,,,,0.756220996,-0.036478147,71.800003052,5.794618607,10.509756088,0.336344689,0.897639513,0.631048799,0.786438465
Cyprus,High,High,2017,,,,,0.811670661,0.036032535,72,6.062051296,10.556205750,0.300516605,0.851206422,0.669735432,0.818671048
Cyprus,High,High,2018,,,,,0.794215024,-0.030555993,72.199996948,6.276443005,10.598948479,0.298021138,0.848337233,0.662988305,0.825573206
Cyprus,High,High,2019,,,,,0.740058005,-0.017519664,72.400001526,6.136832714,10.639202118,0.290225208,0.865294218,0.663419962,0.776078045
Cyprus,High,High,2020,,,,,0.762782335,-0.086165786,72.599998474,6.259810448,10.583157539,0.283522457,0.816231728,0.670835674,0.805559397
Cyprus,High,High,2021,,,,,0.717639267,-0.038225789,72.800003052,6.269202232,10.638118744,0.274683625,0.876456022,0.641120970,0.855357230
Cyprus,Medium,High,2022,,,,,0.698407114,0.007515692,73,5.864756584,10.683274269,0.296998680,0.887328267,0.659326255,0.819547474
Cyprus,High,High,2023,,,,,0.729809582,,73.199996948,6.070594311,,0.296863526,0.839832366,0.681512654,0.802831233
Czechia,High,High,2005,,,,,0.865234971,,67.099998474,6.439256668,10.321685791,0.257948965,0.900732756,0.638764262,0.918759465
Czechia,High,High,2007,,,,,0.798949361,-0.069103725,67.339996338,6.500194073,10.432827950,0.276907444,0.927871466,0.659939229,0.899779022
Czechia,High,High,2010,,,,,0.779112220,-0.047692440,67.699996948,6.249617577,10.418797493,0.244084343,0.925964117,0.647838593,0.934161127
Czechia,High,High,2011,,,,,0.787180007,-0.112337917,67.819999695,6.331490993,10.434180260,0.252808869,0.949787855,0.623200595,0.913510740
Czechia,High,High,2012,,,,,0.739808738,-0.159640059,67.940002441,6.334149361,10.424900055,0.256508142,0.956799686,0.634971499,0.912426770
Czechia,High,High,2013,,,,,0.725945652,-0.161918759,68.059997559,6.697655678,10.424109459,0.252652615,0.915898860,0.656264901,0.888043344
Czechia,High,High,2014,,,,,0.800421000,-0.173836902,68.180000305,6.483729839,10.445425034,0.235220566,0.896880686,0.637772083,0.877915204
Czechia,High,High,2015,,,,,0.808484197,-0.151817650,68.300003052,6.608017445,10.495941162,0.206080526,0.886467457,0.689354122,0.911362588
Czechia,High,High,2016,,,,,0.850328267,-0.203503102,68.425003052,6.735627174,10.519077301,0.201041639,0.900430739,0.710227489,0.930592895
Czechia,High,High,2017,,,,,0.831785500,-0.183118924,68.550003052,6.789567947,10.566816330,0.226649791,0.866524994,0.672272861,0.900968969
Czechia,High,High,2018,,,,,0.790132403,-0.298718303,68.675003052,7.034165382,10.595166206,0.178068101,0.851382256,0.674413085,0.929163933
Czechia,High,High,2020,,,,,0.906422019,-0.135277659,68.925003052,6.897091389,10.562043190,0.290441692,0.883699596,0.748342454,0.964053690
Czechia,High,High,2021,,,,,0.890521467,0.157264307,69.050003052,6.942496777,10.615072250,0.239848629,0.862574100,0.716166556,0.950226784
Czechia,High,High,2022,,,,,0.907834530,0.093451276,69.175003052,6.695077419,10.637453079,0.245990261,0.831001461,0.742506981,0.943601012
Czechia,High,High,2023,,,,,0.906065404,0.025248012,69.300003052,6.827006340,10.638617516,0.254332483,0.831690669,0.750118315,0.926695585
Denmark,High,High,2005,,,,,0.971135020,,68.300003052,8.018934250,10.849012375,0.153671950,0.236521706,0.776689112,0.972371519
Denmark,High,High,2007,,,,,0.932086229,0.234115630,68.739997864,7.834233284,10.888726234,0.194323689,0.206005678,0.777935743,0.954201102
Denmark,High,High,2008,,,,,0.969788373,0.266182005,68.959999084,7.970891953,10.877717972,0.163090929,0.247505307,0.759462297,0.953911722
Denmark,High,High,2009,,,,,0.949335575,0.257662833,69.180000305,7.683358669,10.822056770,0.233584777,0.205769762,0.781798959,0.938891590
Denmark,High,High,2010,,,,,0.943630815,0.236550510,69.400001526,7.770515442,10.836152077,0.154562935,0.174896091,0.796208739,0.974977076
Denmark,High,High,2011,,,,,0.934760153,0.291636318,69.620002747,7.788231850,10.845314026,0.174883381,0.220043078,0.777891874,0.961736143
Denmark,High,High,2012,,,,,0.932627916,0.132866561,69.839996338,7.519909382,10.843812943,0.208569512,0.187407613,0.782715559,0.951437175
Denmark,High,High,2013,,,,,0.920254648,0.208896756,70.059997559,7.588606834,10.848934174,0.194673792,0.170042172,0.825601161,0.964707971
Denmark,High,High,2014,,,,,0.941572249,0.112138242,70.279998779,7.507559299,10.859928131,0.232612774,0.237218335,0.779867768,0.956344306
Denmark,High,High,2015,,,,,0.941436410,0.216179535,70.5,7.514424801,10.876019478,0.217577577,0.191016391,0.801432848,0.959701300
Denmark,High,High,2016,,,,,0.948230565,0.131895736,70.625,7.557782650,10.900159836,0.207583427,0.209893376,0.786007643,0.954451501
Denmark,High,High,2017,,,,,0.955416322,0.148969695,70.75,7.593702316,10.921552658,0.205775306,0.181147560,0.778525174,0.952100098
Denmark,High,High,2018,,,,,0.935437799,0.011810151,70.875,7.648785591,10.936294556,0.206052810,0.150607437,0.773032844,0.958218873
Denmark,High,High,2019,,,,,0.963318408,0.014690911,71,7.693003178,10.947537422,0.181070626,0.174150586,0.796859503,0.957706392
Denmark,High,High,2020,,,,,0.937931836,0.045170296,71.125,7.514631271,10.924473763,0.227101892,0.213841751,0.752573669,0.947371364
Denmark,High,High,2021,,,,,0.933439255,0.129834279,71.25,7.698747158,10.967554092,0.206422210,0.172680944,0.791890800,0.944926739
Denmark,High,High,2022,,,,,0.929547489,0.222274691,71.375,7.544964790,10.997158051,0.205441043,0.203140497,0.786820412,0.970306337
Denmark,High,High,2023,,,,,0.922739089,0.089433536,71.5,7.504192829,10.996293068,0.229489446,0.183566779,0.757005692,0.915669560
Djibouti,High,Medium,2008,,,,,0.773456693,0.123202138,53.639999390,5.009330273,8.115298271,0.120192163,0.576097667,0.740247607,0.690439582
Djibouti,Medium,High,2009,,,,,0.649316013,-0.006779919,54.119998932,4.905925274,8.014382362,0.232132807,0.634222806,0.630110741,0.900565028
Djibouti,High,High,2010,,,,,0.763730347,-0.072236098,54.599998474,5.005810738,7.934187412,,0.596910238,,
Djibouti,High,Medium,2011,,,,,0.746439457,-0.081845507,55.080001831,4.369193554,8.150376320,0.180592626,0.518930137,0.542736053,0.632973254
Dominican Republic,High,High,2006,,,,,0.858241439,0.032606497,65.360000610,5.087967873,9.306493759,0.274338454,0.754729331,0.732519329,0.918898880
Dominican Republic,High,High,2007,,,,,0.886246681,-0.012786417,65.120002747,5.081305981,9.365398407,0.260098964,0.771574259,0.722559750,0.847544849
Dominican Republic,High,High,2008,,,,,0.848116636,-0.050226577,64.879997253,4.842305660,9.384228706,0.329416394,0.727598310,0.653890312,0.850137472
Dominican Republic,High,High,2009,,,,,0.862979472,-0.057925425,64.639999390,5.431613922,9.380593300,0.279788464,0.805910408,0.708645999,0.878161490
Dominican Republic,High,High,2010,,,,,0.823902845,-0.079893060,64.400001526,4.735021114,9.447546005,0.281694859,0.779742122,0.706625521,0.859969318
Dominican Republic,High,High,2011,,,,,0.847975314,0.008967811,64.160003662,5.396535397,9.465392113,0.299839288,0.788254738,0.738086641,0.872086227
Dominican Republic,High,High,2012,,,,,0.840129375,-0.066665046,63.919998169,4.753311157,9.479447365,0.297043145,0.727300286,0.724792302,0.879158199
Dominican Republic,High,High,2013,,,,,0.888566077,0.015770277,63.680000305,5.015515327,9.514548302,0.295131445,0.751750827,0.766323686,0.878449142
Dominican Republic,High,High,2014,,,,,0.904574394,-0.025276598,63.439998627,5.387331963,9.570441246,0.300099194,0.760023475,0.772476375,0.890588045
Dominican Republic,High,High,2015,,,,,0.856025338,-0.070219703,63.200000763,5.061862469,9.625456810,0.295253098,0.755288184,0.695385098,0.893197775
Dominican Republic,High,High,2016,,,,,0.872712433,-0.084955342,63.400001526,5.238698483,9.678292274,0.278095126,0.737182975,0.725231349,0.894753456
Dominican Republic,High,High,2017,,,,,0.855359018,-0.126271620,63.599998474,5.605202675,9.712601662,0.274745524,0.760489643,0.710005045,0.894368112
Dominican Republic,High,High,2018,,,,,0.866641581,-0.155102804,63.799999237,5.433215618,9.769048691,0.291403025,0.762273550,0.719369948,0.861986339
Dominican Republic,High,High,2019,,,,,0.877406240,-0.127474308,64,6.004237175,9.807585716,0.264054120,0.745615363,0.747007906,0.884089887
Dominican Republic,High,High,2020,,,,,0.834642947,-0.128188193,64.199996948,5.168409824,9.727252960,0.313928306,0.636116564,0.723668039,0.806117654
Dominican Republic,High,High,2021,,,,,0.859358311,-0.088415340,64.400001526,6.030537128,9.832318306,0.275468111,0.677408218,0.733658910,0.857106984
Dominican Republic,High,High,2022,,,,,0.853301883,-0.085780218,64.599998474,5.518415928,9.869828224,0.305815160,0.655976236,0.723231792,0.820422471
Dominican Republic,High,High,2023,,,,,0.866731405,-0.106743857,64.800003052,5.921262264,9.900377274,0.255569428,0.667494833,0.730257034,0.860253692
Ecuador,Medium,High,2006,,,,,0.671074986,-0.096605770,64.440002441,5.024191380,9.189364433,0.356847465,0.900686622,0.785477042,0.910188437
Ecuador,Medium,High,2007,,,,,0.669843376,-0.068865061,64.779998779,4.995875359,9.193846703,0.286144197,0.829651475,0.803224921,0.838859499
Ecuador,Medium,High,2008,,,,,0.640317261,-0.100098543,65.120002747,5.296513081,9.238437653,0.283164144,0.801256657,0.811301053,0.829394639
Ecuador,High,High,2009,,,,,0.736880839,-0.113802493,65.459999084,6.021803379,9.227261543,0.255967915,0.774304509,0.795992076,0.779397964
Ecuador,High,High,2010,,,,,0.723079085,-0.068903796,65.800003052,5.838051319,9.245304108,0.220013708,0.805638850,0.770916045,0.839279711
Ecuador,High,High,2011,,,,,0.788305700,-0.160672769,66.139999390,5.795088291,9.304624557,0.270687670,0.701595664,0.805906117,0.818051338
Ecuador,High,High,2012,,,,,0.825275123,-0.089326166,66.480003357,5.960716248,9.343484879,0.333309054,0.729978859,0.766601086,0.785201013
Ecuador,High,High,2013,,,,,0.786798120,-0.196092606,66.819999695,6.019206047,9.376441002,0.266504049,0.645848632,0.823896587,0.801250935
Ecuador,High,High,2014,,,,,0.719104826,-0.172802418,67.160003662,5.945851803,9.398794174,0.305792958,0.660934925,0.840573668,0.830963194
Ecuador,High,High,2015,,,,,0.800870478,-0.119606748,67.5,5.964075089,9.384984016,0.322946101,0.665827513,0.816486955,0.855889201
Ecuador,High,High,2016,,,,,0.846336305,-0.021062173,67.75,6.115437508,9.357709885,0.365246594,0.774084151,0.806851923,0.842352092
Ecuador,High,High,2017,,,,,0.879128158,-0.173022240,68,5.839518547,9.365584373,0.314343482,0.733588755,0.793201208,0.848941743
Ecuador,High,High,2018,,,,,0.869363725,-0.105065934,68.25,6.128010273,9.359485626,0.328171045,0.830743194,0.817419887,0.851345003
Ecuador,High,High,2019,,,,,0.829573691,-0.120528355,68.5,5.809131145,9.340510368,0.373558193,0.839495003,0.750073195,0.808485806
Ecuador,High,High,2020,,,,,0.828511536,-0.162773475,68.75,5.354461670,9.245415688,0.416027963,0.854780495,0.754971027,0.804008543
Ecuador,High,High,2021,,,,,0.821025372,-0.085563481,69,5.434872150,9.275074959,0.403171390,0.774508297,0.741730273,0.785531878
Ecuador,High,High,2022,,,,,0.758587241,-0.082734473,69.25,5.887132168,9.292769432,0.355939716,0.865789473,0.776835859,0.825139701
Ecuador,High,High,2023,,,,,0.730733454,-0.106206864,69.5,5.851753712,9.307243347,0.358997345,0.839505136,0.763028026,0.782300949
Egypt,High,High,2005,,,,,0.817362010,,61.400001526,5.167754173,9.041865349,0.345555186,,0.688714862,0.847842455
Egypt,Medium,Medium,2007,,,,,0.609076858,-0.126236454,61.520000458,5.540510654,9.137559891,0.355347604,,0.599707186,0.685863256
Egypt,High,High,2008,,,,,,-0.092666402,61.580001831,4.631741047,9.187094688,0.301017791,0.913641691,0.627448022,0.738363802
Egypt,Medium,High,2009,,,,,0.611082554,-0.105123676,61.639999390,5.066164494,9.213209152,0.339482069,0.800865650,0.548718512,0.744179964
Egypt,Medium,High,2010,,,,,0.486279041,-0.081208594,61.700000763,4.668916225,9.243124962,0.276345611,0.826335192,0.490835845,0.768675268
Egypt,Medium,High,2011,,,,,0.589537799,-0.156874239,61.759998322,4.174158573,9.238539696,0.353416979,0.858596265,0.456294090,0.753394485
Egypt,Medium,High,2012,,,,,0.451543361,-0.143243954,61.819999695,4.204156876,9.237941742,0.398423016,0.880383074,0.458450794,0.736645103
Egypt,Medium,Medium,2013,,,,,0.473774552,-0.146632567,61.880001068,3.558520317,9.236404419,0.483379006,0.913228452,0.486913294,0.675188124
Egypt,Medium,Medium,2014,,,,,0.577937961,-0.131715193,61.939998627,4.885072708,9.241708755,0.327350169,0.749142587,0.477180123,0.618550718
Egypt,Medium,High,2015,,,,,0.659261465,-0.093897037,62,4.762538433,9.262447357,0.344331503,0.684498072,0.554459393,0.729744256
Egypt,Medium,High,2016,,,,,0.655845225,-0.146827608,62.25,4.556740761,9.284132004,0.370498210,0.817527413,0.537922263,0.809218585
Egypt,Medium,Medium,2017,,,,,0.592504799,-0.157819718,62.5,3.929344177,9.305196762,0.414493799,,0.458410412,0.638226390
Egypt,Medium,High,2018,,,,,0.681654453,-0.220992386,62.75,4.005450726,9.338146210,0.285183787,,0.406604052,0.758824050
Egypt,High,High,2019,,,,,0.773951054,-0.204429314,63,4.327831745,9.374239922,0.312763393,,0.420276582,0.772128642
Egypt,High,Medium,2020,,,,,0.769550323,-0.118607022,63.25,4.472396851,9.391795158,0.442033589,,0.543451667,0.672725499
Egypt,High,High,2021,,,,,0.704442561,-0.232545018,63.5,4.025747776,9.407588005,0.324949861,0.580454171,0.387354374,0.717022359
Egypt,High,High,2022,,,,,0.732525110,-0.213936910,63.75,4.023561001,9.455696106,0.307010829,,0.485626549,0.769216120
Egypt,Medium,High,2023,,,,,0.625340760,-0.210252240,64,3.880640268,9.479594231,0.352329940,,0.435856909,0.729670882
El Salvador,Medium,High,2006,,,,,0.682989538,-0.061947256,65.120002747,5.700929642,8.884818077,0.232691318,0.806595683,0.812613666,0.878409147
El Salvador,Medium,High,2007,,,,,0.638936818,-0.021302951,64.940002441,5.295535088,8.901626587,0.220198929,0.785098732,0.833023429,0.716827035
El Salvador,Medium,High,2008,,,,,0.635648251,-0.084271610,64.760002136,5.191493988,8.918750763,0.232124120,0.734727442,0.827382028,0.747411311
El Salvador,Medium,High,2009,,,,,0.670932412,-0.109692581,64.580001831,6.839087009,8.893871307,0.243230954,0.647527635,0.841431558,0.734112799
El Salvador,Medium,High,2010,,,,,0.669337869,-0.070155427,64.400001526,6.739911079,8.910987854,0.302185982,0.694180071,0.822752953,0.756653905
El Salvador,High,High,2011,,,,,0.747246385,-0.132683039,64.220001221,4.741294861,8.944543839,0.336321533,0.706552804,0.830042779,0.731277883
El Salvador,Medium,High,2012,,,,,0.682744801,-0.161209792,64.040000916,5.934371471,8.968485832,0.365220815,0.786294818,0.783695877,0.806014717
El Salvador,High,High,2013,,,,,0.715570450,-0.156039312,63.860000610,6.325063229,8.986650467,0.317476392,0.771750867,0.801007926,0.826858878
El Salvador,High,High,2014,,,,,0.778014660,-0.200580344,63.680000305,5.856523514,8.999739647,0.329850852,0.781459808,0.801095843,0.797612131
El Salvador,High,High,2015,,,,,0.733355939,-0.162750497,63.5,6.018496037,9.019993782,0.332646847,0.804544270,0.816157162,0.790755391
El Salvador,High,High,2016,,,,,0.799847007,-0.191590250,63.849998474,6.139824867,9.041951180,0.345736474,0.797312021,0.742408216,0.793659985
El Salvador,High,High,2017,,,,,0.757827342,-0.178770304,64.199996948,6.339318275,9.061598778,0.268448353,0.777748585,0.800489426,0.828952610
El Salvador,High,High,2018,,,,,0.863334596,-0.102405213,64.550003052,6.241199493,9.083892822,0.269585580,0.800699532,0.817010224,0.820299745
El Salvador,High,High,2019,,,,,0.877390683,-0.116359338,64.900001526,6.454820633,9.107535362,0.271475047,0.681576490,0.826422155,0.764390528
El Salvador,High,Medium,2020,,,,,0.923944831,-0.132310063,65.25,5.461926937,9.023484230,0.329439789,0.583036363,0.810526609,0.695624352
El Salvador,High,High,2021,,,,,0.914903879,-0.084764972,65.599998474,6.431447029,9.126046181,0.289976716,0.663288593,0.825840414,0.796106219
El Salvador,High,High,2022,,,,,0.914063275,-0.115819283,65.949996948,6.492156029,9.148201942,0.296306878,0.621097445,0.822724938,0.772380829
El Salvador,High,High,2023,,,,,0.942021489,-0.103750244,66.300003052,6.481846809,9.167494774,0.318038553,0.495585293,0.811922908,0.743965209
Estonia,High,High,2006,,,,,0.748576343,-0.269661725,65.779998779,5.371054649,10.268648148,0.215225026,0.796722651,0.589018345,0.910064340
Estonia,High,High,2007,,,,,0.712120891,-0.251671016,66.059997559,5.332044125,10.346266747,0.176231012,0.742697179,0.588513255,0.895631552
Estonia,Medium,High,2008,,,,,0.642325103,-0.223223135,66.339996338,5.451937675,10.296264648,0.217813089,0.662769675,0.594615102,0.903726280
Estonia,Medium,High,2009,,,,,0.610709310,-0.235351130,66.620002747,5.137738705,10.140028000,0.243074834,0.793151677,0.590579033,0.873774767
Estonia,High,High,2011,,,,,0.735225379,-0.173453435,67.180000305,5.486819744,10.239607811,0.205158427,0.686783910,0.640869439,0.908712626
Estonia,Medium,High,2012,,,,,0.696825743,-0.197208628,67.459999084,5.363927841,10.274958611,0.198966742,0.792852700,0.627043128,0.889454544
Estonia,High,High,2013,,,,,0.753558695,-0.206273243,67.739997864,5.367445946,10.292996407,0.199018165,0.726356387,0.650512099,0.900721788
Estonia,High,High,2014,,,,,0.773327112,-0.158476129,68.019996643,5.555982590,10.325288773,0.203439116,0.652447462,0.619621396,0.917101741
Estonia,High,High,2015,,,,,0.814692378,-0.169200733,68.300003052,5.628908634,10.342993736,0.182694778,0.568734467,0.648784935,0.917929649
Estonia,High,High,2016,,,,,0.842770696,-0.154941931,68.525001526,5.649675369,10.373770714,0.176869258,0.639085293,0.656822562,0.937715113
Estonia,High,High,2017,,,,,0.861749232,-0.106564440,68.75,5.938395977,10.428864479,0.160164103,0.668402255,0.740096331,0.935686350
Estonia,High,High,2018,,,,,0.885618389,-0.146617189,68.974998474,6.091302395,10.462528229,0.163182110,0.620677948,0.730264843,0.932693779
Estonia,High,High,2019,,,,,0.886504352,-0.100590579,69.199996948,6.034641266,10.495527267,0.156279013,0.575754166,0.738428950,0.934064329
Estonia,High,High,2020,,,,,0.954200566,-0.090335310,69.425003052,6.452563763,10.488026619,0.187679499,0.397834778,0.761690438,0.957770467
Estonia,High,High,2021,,,,,0.925818324,0.045519922,69.650001526,6.553915501,10.564051628,0.176258042,0.441425771,0.760608435,0.945865035
Estonia,High,High,2022,,,,,0.903950691,0.136071950,69.875,6.357114315,10.540752411,0.186810568,0.390300930,0.766957283,0.933332503
Estonia,High,High,2023,,,,,0.914573312,0.031501040,70.099998474,6.429872990,10.516721725,0.182295844,0.333730578,0.764899909,0.958171248
Eswatini,Medium,High,2011,,,,,0.607157230,-0.069485426,42.5,4.867091179,8.902074814,0.251053393,0.917250097,0.756366313,0.837149739
Eswatini,High,High,2018,,,,,0.709973693,-0.181713909,49.299999237,4.211565018,9.029288292,0.252339154,0.692341149,0.739475906,0.779269755
Eswatini,Medium,High,2019,,,,,0.596682429,-0.194698334,50.099998474,4.396114826,9.047970772,0.279595166,0.723507762,0.725604951,0.759097695
Eswatini,Medium,High,2022,,,,,0.538658023,-0.149068177,52.5,3.502002954,9.119490623,0.393513203,0.773769081,0.660896778,0.712267697
Ethiopia,High,Medium,2012,,,,,0.776308239,-0.047381990,56.319999695,4.561168671,7.252150536,0.137166128,,0.555734932,0.658794284
Ethiopia,High,Medium,2013,,,,,0.706796229,-0.011459271,56.979999542,4.444827080,7.325243473,0.213350877,0.750478268,0.570072651,0.602481663
Ethiopia,Medium,Medium,2014,,,,,0.693558931,0.076440208,57.639999390,4.506646633,7.395837784,0.302858293,0.701800287,0.643650830,0.640452147
Ethiopia,High,Medium,2015,,,,,0.802642584,0.108845145,58.299999237,4.573154926,7.467755318,0.236629039,0.567027330,0.623456478,0.625596821
Ethiopia,High,High,2016,,,,,0.744307697,0.034556389,58.700000763,4.297848701,7.530741692,0.253940523,0.702880859,0.627145290,0.718718708
Ethiopia,High,High,2017,,,,,0.717101216,-0.002455708,59.099998474,4.180315495,7.594868660,0.304436177,0.756898940,0.514328420,0.733539760
Ethiopia,High,High,2018,,,,,0.740343094,0.035602931,59.5,4.379262447,7.634074211,0.271753967,0.799466252,0.561594129,0.740154505
Ethiopia,High,High,2019,,,,,0.753515542,0.048716113,59.900001526,4.099555016,7.687840939,0.282738596,0.731845319,0.519313693,0.748057783
Ethiopia,High,High,2020,,,,,0.768694282,0.182740986,60.299999237,4.549219608,7.720122814,0.251514345,0.783822417,0.614591181,0.823137581
Ethiopia,Medium,High,2022,,,,,0.673658550,0.356587619,61.099998474,3.628071547,7.775345325,0.334763050,0.793105245,0.560136735,0.740167618
Ethiopia,Medium,Medium,2023,,,,,0.631146789,0.211843997,61.5,4.092648506,7.809025288,0.298962474,0.800479531,0.538413942,0.670349836
Finland,High,High,2006,,,,,0.968580484,-0.010571974,68.720001221,7.672449112,10.745317459,0.172133937,0.132430181,0.682818532,0.964562833
Finland,High,High,2008,,,,,0.934178948,0.021620270,69.160003662,7.670626640,10.795854568,0.143538713,0.216567531,0.691433728,0.951339900
Finland,High,High,2010,,,,,0.916009128,0.085120268,69.599998474,7.393264294,10.733668327,0.202094659,0.412515700,0.758084536,0.935481369
Finland,High,High,2011,,,,,0.936448395,0.095451884,69.819999695,7.354225159,10.754190445,0.205238640,0.319593191,0.708862185,0.937856853
Finland,High,High,2012,,,,,0.920968115,-0.007086734,70.040000916,7.420209408,10.735358238,0.201654434,0.360733956,0.742233932,0.927739382
Finland,High,High,2013,,,,,0.918625355,0.033543486,70.260002136,7.444635868,10.721693039,0.194672555,0.305770457,0.751642883,0.940869093
Finland,High,High,2014,,,,,0.933043957,-0.006807921,70.480003357,7.384571075,10.713901520,0.198813885,0.265479892,0.766498208,0.952016532
Finland,High,High,2015,,,,,0.929861903,0.105239972,70.699996948,7.447925568,10.716029167,0.191057593,0.223369658,0.736426234,0.947800577
Finland,High,High,2016,,,,,0.948372185,-0.032876525,70.775001526,7.659843445,10.740881920,0.181998447,0.249659568,0.768805683,0.953940451
Finland,High,High,2017,,,,,0.962198973,-0.008309741,70.849998474,7.788251877,10.769960403,0.176065788,0.192412779,0.755857646,0.963826418
Finland,High,High,2018,,,,,0.937807381,-0.133212939,70.925003052,7.858107090,10.779966354,0.181780651,0.198604837,0.748826444,0.962155044
Finland,High,High,2019,,,,,0.947616696,-0.057517920,71,7.780347824,10.791037560,0.180732876,0.195338428,0.732282341,0.937415540
Finland,High,High,2020,,,,,0.962423682,-0.122666195,71.074996948,7.889349937,10.765769958,0.192897573,0.163635895,0.747939050,0.961620748
Finland,High,High,2021,,,,,0.963189840,-0.039150938,71.150001526,7.794377804,10.793706894,0.175448626,0.191753656,0.751611710,0.970289290
Finland,High,High,2022,,,,,0.958609104,0.100609764,71.224998474,7.728998184,10.811471939,0.191473112,0.190206692,0.741322875,0.974395156
Finland,High,High,2023,,,,,0.943417847,-0.001129680,71.300003052,7.698929310,10.808450699,0.172830328,0.185229436,0.716777802,0.946864665
France,High,High,2005,,,,,0.894819260,,70.699996948,7.093392849,10.636769295,0.225094199,0.687850833,0.681277752,0.940338254
France,High,High,2006,,,,,0.789120734,0.120387509,70.800003052,6.582700253,10.654029846,0.288682431,0.699270129,0.694246352,0.943929076
France,High,High,2008,,,,,0.833327115,-0.036685646,71,7.008064747,10.668793678,0.280619293,0.668875813,0.702371597,0.935350597
France,High,High,2009,,,,,0.798213184,-0.087550506,71.099998474,6.283498287,10.634509087,0.303366601,0.654168189,0.691047668,0.918158531
France,High,High,2010,,,,,0.849702179,-0.109173037,71.199996948,6.797901154,10.648887634,0.260568112,0.622954249,0.728971004,0.942954779
France,High,High,2011,,,,,0.903366625,-0.108111247,71.300003052,6.959185123,10.665750504,0.280994773,0.626624525,0.718365848,0.921285570
France,High,High,2012,,,,,0.841320336,-0.154730693,71.400001526,6.649365425,10.664037704,0.252988011,0.607905269,0.705462158,0.937097430
France,High,High,2013,,,,,0.877795756,-0.130178764,71.5,6.667121410,10.664618492,0.204969689,0.699069381,0.741086423,0.907690823
France,High,High,2014,,,,,0.803474188,-0.123766333,71.599998474,6.466867924,10.669452667,0.215893835,0.655637443,0.758671105,0.877504528
France,High,High,2015,,,,,0.817036211,-0.144943252,71.699996948,6.357625008,10.676964760,0.215400279,0.640602052,0.740427256,0.895719409
France,High,High,2016,,,,,0.786780477,-0.096961647,71.800003052,6.475208759,10.685220718,0.270036250,0.622697055,0.714936078,0.884922922
France,High,High,2017,,,,,0.833890140,-0.129056990,71.900001526,6.635222435,10.704975128,0.241983935,0.601486027,0.715806305,0.931494594
France,High,High,2018,,,,,0.816377223,-0.143406436,72,6.665903568,10.719868660,0.282451361,0.581775308,0.705308378,0.921463072
France,High,High,2019,,,,,0.827240825,-0.138793007,72.099998474,6.689644337,10.734716415,0.250415534,0.568272293,0.692844808,0.958348095
France,High,High,2020,,,,,0.823386312,-0.175513923,72.199996948,6.714111805,10.650960922,0.230950430,0.564640582,0.689624250,0.947354019
France,High,High,2021,,,,,0.836917698,-0.104087166,72.300003052,6.656206608,10.714264870,0.268417448,0.560812950,0.684601307,0.914597511
France,High,High,2022,,,,,0.798249364,-0.026758073,72.400001526,6.613806725,10.736824036,0.248723462,0.532776713,0.688189685,0.865514636
France,High,High,2023,,,,,0.775524080,0.009542724,72.5,6.556921482,10.741768837,0.228001297,0.557787776,0.675797164,0.849570930
Gabon,High,Medium,2011,,,,,0.771871924,-0.213425130,54.459999084,4.255400658,9.557162285,0.263955116,0.850830913,0.564417541,0.652701557
Gabon,Medium,High,2012,,,,,0.565965831,-0.197258309,54.919998169,3.972059250,9.572758675,0.265743077,0.810119689,0.503554463,0.736096144
Gabon,Medium,High,2013,,,,,0.682490110,-0.147954538,55.380001068,3.800287008,9.592561722,0.287097007,0.780438900,0.518544436,0.733487546
Gabon,Medium,High,2014,,,,,0.606613815,-0.200559452,55.840000153,3.918073177,9.601395607,0.293042421,0.781658471,0.533089578,0.828597128
Gabon,Medium,High,2015,,,,,0.671300709,-0.196348161,56.299999237,4.661012650,9.608581543,0.371656328,0.866777480,0.599643230,0.755861998
Gabon,Medium,High,2016,,,,,0.698942363,-0.206989035,56.625,4.831764221,9.601238251,0.432404667,0.816563547,0.625076175,0.780048966
Gabon,Medium,High,2017,,,,,0.652359545,-0.231157675,56.950000763,4.782382965,9.580394745,0.446124285,0.868305504,0.637974918,0.806941152
Gabon,High,High,2018,,,,,0.719135404,-0.200200126,57.275001526,4.783009052,9.564825058,0.417660981,0.822863460,0.613811791,0.784827590
Gabon,High,High,2019,,,,,0.736349881,-0.206289813,57.599998474,4.914393425,9.580385208,0.412960976,0.846254230,0.638376653,0.763051689
Gabon,Medium,High,2020,,,,,0.528374910,-0.194221511,57.924999237,4.886549950,9.539880753,0.416036040,0.788709342,0.567638814,0.701217532
Gabon,Medium,High,2021,,,,,0.699056685,-0.207322225,58.25,5.075422287,9.533473969,0.361928850,0.765906811,0.620008111,0.753871620
Gabon,Medium,High,2022,,,,,0.699276030,-0.167069510,58.575000763,5.139500618,9.543173790,0.413654208,0.802774906,0.660757720,0.775247753
Gabon,High,High,2023,,,,,0.722349942,-0.159617275,58.900001526,5.104125023,9.553695679,0.423641682,0.821529746,0.619680762,0.734570622
Gambia,High,Medium,2017,,,,,0.812325835,0.111021839,56.400001526,4.117938995,7.563740253,0.277247190,0.571615577,0.770294130,0.697001517
Gambia,High,Medium,2018,,,,,0.718728781,0.439613044,56.700000763,4.922099113,7.607178211,0.379207700,0.691069543,0.758668125,0.684799969
Gambia,Medium,Medium,2019,,,,,0.676595271,0.409214884,57,5.163627148,7.641712666,0.400723279,0.798108101,0.717893243,0.693870127
Gambia,Medium,Medium,2022,,,,,0.599087417,0.359762967,57.900001526,4.279441357,7.661813259,0.437860131,0.883752167,0.722409368,0.587696254
Gambia,High,Medium,2023,,,,,0.726548493,0.430171221,58.200000763,4.690763474,7.686476707,0.290904552,0.852272391,0.719245672,0.651343822
Georgia,Medium,Medium,2006,,,,,0.552592635,-0.272559106,63.299999237,3.675108433,8.993415833,0.269383609,0.751933634,0.352651566,0.646635950
Georgia,Medium,Medium,2007,,,,,0.463722527,-0.272220284,63.400001526,3.707194567,9.117116928,0.235846743,0.697340012,0.350956768,0.548369050
Georgia,Medium,Medium,2008,,,,,0.613997400,-0.229815722,63.5,4.156090260,9.144052505,0.261508077,0.497999460,0.371024489,0.607512712
Georgia,Medium,Medium,2009,,,,,0.495314002,-0.238089040,63.599998474,3.800639153,9.115746498,0.242350146,0.534585297,0.391252249,0.543513060
Georgia,Medium,Medium,2010,,,,,0.557857931,-0.253164709,63.700000763,4.101837158,9.183660507,0.242536306,0.459736317,0.401716352,0.540388942
Georgia,Medium,Medium,2011,,,,,0.632464528,-0.260438323,63.799999237,4.203030586,9.263072014,0.246770427,0.353346407,0.421274066,0.502937376
Georgia,Medium,Medium,2012,,,,,0.658724010,-0.274564892,63.900001526,4.254445553,9.332181931,0.250087857,0.320887595,0.443486065,0.532586455
Georgia,High,Medium,2013,,,,,0.722127616,-0.259676248,64,4.348920822,9.370764732,0.199907079,0.348713607,0.467081726,0.559165776
Georgia,High,Medium,2014,,,,,0.719781160,-0.238581777,64.099998474,4.287508011,9.413660049,0.204327509,0.415525645,0.458110958,0.558420002
Georgia,Medium,Medium,2015,,,,,0.639944971,-0.210428119,64.199996948,4.121940613,9.441860199,0.233192086,0.502416790,0.447714150,0.517371595
Georgia,Medium,Medium,2016,,,,,0.606468379,-0.254814386,64.324996948,4.448386192,9.469911575,0.223224476,0.560924053,0.474852562,0.533412278
Georgia,High,Medium,2017,,,,,0.820908785,-0.249543443,64.449996948,4.450774670,9.517067909,0.209639609,0.589631975,0.495819479,0.590495169
Georgia,High,Medium,2018,,,,,0.775144100,-0.238383502,64.574996948,4.659097195,9.564751625,0.243778914,0.754853785,0.479062021,0.617218554
Georgia,High,Medium,2019,,,,,0.810534120,-0.265289843,64.699996948,4.891835690,9.615089417,0.243710026,0.647223175,0.502834857,0.674976051
Georgia,High,High,2020,,,,,0.764352381,-0.225012973,64.824996948,5.123143196,9.544404030,0.294512063,0.582734704,0.572584391,0.718345940
Georgia,High,Medium,2021,,,,,0.777061343,-0.289711356,64.949996948,4.911273479,9.647734642,0.240043506,0.723406911,0.509632826,0.670689464
Georgia,High,High,2022,,,,,0.820903182,-0.254908860,65.074996948,5.292755127,9.742983818,0.233324438,0.655172110,0.503321230,0.754490972
Georgia,High,High,2023,,,,,0.876941442,-0.268210500,65.199996948,5.350635052,9.785037041,0.231046677,0.705884159,0.541784525,0.779039383
Germany,High,High,2005,,,,,0.846623778,,69.900001526,6.619549751,10.690792084,0.197262481,0.781006813,0.684764624,0.963490367
Germany,High,High,2007,,,,,0.800878227,0.160926774,69.940002441,6.416819572,10.760041237,0.230811894,0.792179406,0.646914542,0.925937593
Germany,High,High,2008,,,,,0.765556991,,69.959999084,6.521790028,10.771495819,0.220000386,0.758266151,0.672131240,0.923211336
Germany,High,High,2009,,,,,0.843784511,0.121106081,69.980003357,6.641493320,10.715405464,0.206444725,0.689930737,0.684358895,0.934782326
Germany,High,High,2010,,,,,0.842656434,0.088990480,70,6.724531174,10.757886887,0.182344139,0.688005984,0.697530389,0.939308643
Germany,High,High,2011,,,,,0.906293273,0.026768880,70.019996643,6.621312141,10.814925194,0.165199533,0.677172124,0.685721278,0.947236657
Germany,High,High,2012,,,,,0.904440463,0.064857587,70.040000916,6.702362061,10.817223549,0.169576168,0.679236710,0.699049354,0.926406622
Germany,High,High,2013,,,,,0.894312978,0.018139303,70.059997559,6.965125084,10.818861008,0.204995915,0.565794230,0.693133771,0.931420565
Germany,High,High,2014,,,,,0.898683429,0.081714392,70.080001831,6.984214306,10.836547852,0.187844872,0.473952919,0.738942146,0.937558949
Germany,High,High,2015,,,,,0.889428854,0.171627730,70.099998474,7.037137508,10.842699051,0.202705160,0.412168294,0.722384810,0.925923228
Germany,High,High,2016,,,,,0.870515049,0.142289370,70.300003052,6.873763084,10.856682777,0.187254936,0.445922136,0.709376156,0.906029284
Germany,High,High,2017,,,,,0.840727866,0.138983652,70.5,7.074324608,10.879394531,0.196434811,0.414021194,0.707113683,0.892166078
Germany,High,High,2018,,,,,0.876887500,0.028175600,70.699996948,7.118364334,10.886154175,0.243214577,0.495673954,0.740174949,0.919763148
Germany,High,High,2019,,,,,0.884751558,0.050941497,70.900001526,7.035472393,10.894409180,0.226171210,0.462255150,0.712461114,0.885667324
Germany,High,High,2020,,,,,0.864356041,-0.067716815,71.099998474,7.311897755,10.855923653,0.205927119,0.424088776,0.698266089,0.905080497
Germany,High,High,2021,,,,,0.778439999,0.073678024,71.300003052,6.754523754,10.881431580,0.251194686,0.417581916,0.703333020,0.867582560
Germany,High,High,2022,,,,,0.895221889,0.079951324,71.5,6.608206749,10.888559341,0.200957254,0.416577160,0.668037117,0.915808022
Germany,High,High,2023,,,,,0.844737530,0.106207937,71.699996948,6.792490482,10.877864838,0.231235966,0.460183352,0.706304550,0.894832492
Ghana,High,High,2006,,,,,0.849283397,0.208331570,52.540000916,4.535019875,8.067016602,0.197606653,0.814070404,0.637270749,0.728269994
Ghana,High,High,2007,,,,,0.891153276,0.132868439,52.979999542,5.220148087,8.083511353,0.216630280,0.771188259,0.658397734,0.729647696
Ghana,High,Medium,2008,,,,,0.838006318,0.114942007,53.419998169,4.965134621,8.145339012,0.172045439,0.862870395,0.674331009,0.622255147
Ghana,High,Medium,2009,,,,,0.757477760,0.000389929,53.860000610,4.197695732,8.167292595,0.197590128,0.889738321,0.713851511,0.633197725
Ghana,High,High,2010,,,,,0.891129911,0.068841815,54.299999237,4.606251717,8.218624115,0.184128717,0.874849141,0.693436503,0.738558650
Ghana,High,High,2011,,,,,0.851896167,0.005705521,54.740001678,5.608199596,8.325683594,0.209212631,0.790444314,0.657618284,0.724297225
Ghana,Medium,Medium,2012,,,,,0.679418445,0.035144694,55.180000305,5.057261944,8.389938354,0.152376384,0.897836149,0.709003925,0.685111880
Ghana,High,Medium,2013,,,,,0.793793738,-0.070208631,55.619998932,4.965053082,8.435989380,0.210818723,0.880178452,0.660169482,0.676289201
Ghana,Medium,Medium,2014,,,,,0.676916063,-0.003522958,56.060001373,3.860351086,8.440074921,0.280321032,0.912682354,0.681699812,0.651468754
Ghana,High,Medium,2015,,,,,0.852016151,-0.042843543,56.5,3.985916138,8.437417984,0.265278548,0.945436120,0.674785078,0.687448561
Ghana,High,Medium,2016,,,,,0.751168370,0.085191436,56.875,4.514411449,8.447202682,0.304909706,0.893955231,0.658924580,0.647303164
Ghana,High,Medium,2017,,,,,0.783046365,0.074327588,57.25,5.481310844,8.503006935,0.247518942,0.838609993,0.714789271,0.669111073
Ghana,High,High,2018,,,,,0.816680491,0.057765581,57.625,5.003693104,8.541934013,0.250001252,0.846328497,0.715819657,0.760716796
Ghana,High,High,2019,,,,,0.787447751,0.111473314,58,4.966809750,8.584093094,0.269940108,0.856665850,0.644655406,0.746247828
Ghana,High,Medium,2020,,,,,0.823720038,0.195769846,58.375,5.319483280,8.568556786,0.252728432,0.847024918,0.674681187,0.642703354
Ghana,High,Medium,2021,,,,,0.730264723,0.105124898,58.75,4.377950668,8.600658417,0.295109749,0.887770474,0.587594330,0.632729650
Ghana,High,Medium,2022,,,,,0.786439955,0.114457138,59.125,4.190854549,8.613152504,0.291501880,0.908888876,0.620285153,0.628161311
Ghana,High,Medium,2023,,,,,0.834113598,0.093152903,59.5,4.298451424,8.609566689,0.253894538,0.892141581,0.637743235,0.661466599
Greece,High,High,2005,,,,,0.734171808,,69.599998474,6.006309986,10.453635216,0.263643026,0.860563099,0.597686529,0.836539447
Greece,Medium,High,2007,,,,,0.575308859,-0.195753366,69.760002136,6.646961212,10.535282135,0.221744120,0.844570935,0.629187405,0.808002651
Greece,Medium,High,2009,,,,,0.443107843,-0.298429608,69.919998169,6.038574696,10.482680321,0.253589481,0.958768308,0.614257872,0.793317616
Greece,Medium,High,2010,,,,,0.484110981,-0.308237761,70,5.839558601,10.425051689,0.291516393,0.954113841,0.580756307,0.868422449
Greece,Medium,High,2011,,,,,0.528125942,-0.320964396,70.080001831,5.372039795,10.319510460,0.322790802,0.941152513,0.551990569,0.851554990
Greece,Low,High,2012,,,,,0.372610420,-0.309576273,70.160003662,5.096354008,10.251414299,0.351506293,0.958908975,0.544410706,0.812141120
Greece,Medium,Medium,2013,,,,,0.425966531,-0.277237833,70.239997864,4.720251083,10.233183861,0.482183158,0.941309869,0.570836425,0.686650038
Greece,Low,High,2014,,,,,0.369156331,-0.292941749,70.319999695,4.756237030,10.244590759,0.385433316,0.930213809,0.597015142,0.832333207
Greece,Medium,High,2015,,,,,0.531736314,-0.277164876,70.400001526,5.622519016,10.249216080,0.277412534,0.823959649,0.636590421,0.834824681
Greece,Medium,High,2016,,,,,0.481616855,-0.265133977,70.525001526,5.302619457,10.248492241,0.336207509,0.898470819,0.593827844,0.802605867
Greece,Medium,High,2017,,,,,0.438300014,-0.294740796,70.650001526,5.148241520,10.261331558,0.332830757,0.872239470,0.515908480,0.752899528
Greece,Medium,High,2018,,,,,0.564455688,-0.339546829,70.775001526,5.409289360,10.279907227,0.255006582,0.860302389,0.563627839,0.793500781
Greece,Medium,High,2019,,,,,0.613584101,-0.293165594,70.900001526,5.952157497,10.299629211,0.235946462,0.848003805,0.559758365,0.890809536
Greece,Medium,High,2020,,,,,0.564613640,-0.246164128,71.025001526,5.787615776,10.207419395,0.321684211,0.764324546,0.629382133,0.778536558
Greece,Medium,High,2021,,,,,0.574029803,-0.160707191,71.150001526,6.104214191,10.293772697,0.310851872,0.751816869,0.623556495,0.850326180
Greece,Medium,High,2022,,,,,0.562556148,-0.318011492,71.275001526,5.900459290,10.358270645,0.182714000,0.874286056,0.588629067,0.875312984
Greece,Medium,High,2023,,,,,0.589122653,-0.222803697,71.400001526,5.796062946,10.386622429,0.311313361,0.805382431,0.607938945,0.818430841
Guatemala,Medium,High,2006,,,,,0.663381696,0.166777954,58.979999542,5.901429176,8.849712372,0.287081897,0.706095576,0.789322317,0.830441594
Guatemala,Medium,High,2007,,,,,0.627586961,0.130328491,59.259998322,6.329581261,8.891402245,0.224379733,0.809742630,0.789606929,0.866397083
Guatemala,Medium,High,2008,,,,,0.630151749,0.200027511,59.540000916,6.414494514,8.904532433,0.233636200,0.796285450,0.800283611,0.865605474
Guatemala,Medium,High,2009,,,,,0.643478751,0.191092163,59.819999695,6.451916218,8.890479088,0.239741579,0.754889369,0.813852191,0.833815634
Guatemala,Medium,High,2010,,,,,0.695862949,0.160768449,60.099998474,6.289748669,8.900547028,0.235617921,0.794835389,0.804730654,0.859052479
Guatemala,High,High,2011,,,,,0.762963116,0.003407752,60.380001068,5.743353844,8.923148155,0.289357901,0.863039374,0.791875601,0.768112421
Guatemala,High,High,2012,,,,,0.865472019,0.014793318,60.659999847,5.855717182,8.934686661,0.349404961,0.820923984,0.808444262,0.802148998
Guatemala,High,High,2013,,,,,0.884005010,0.039446179,60.939998627,5.984601498,8.953396797,0.332524270,0.816769838,0.822216988,0.829650402
Guatemala,High,High,2014,,,,,0.843398929,0.102032416,61.220001221,6.536030769,8.979589462,0.305114686,0.804462552,0.815518975,0.833974659
Guatemala,High,High,2015,,,,,0.868639767,0.045796677,61.5,6.464986801,9.002781868,0.310553789,0.821654916,0.826123118,0.822837472
Guatemala,High,High,2016,,,,,0.862675726,0.005959109,61.700000763,6.358916283,9.012626648,0.321357191,0.812030017,0.815476716,0.811235487
Guatemala,High,High,2017,,,,,0.914521694,-0.064077757,61.900001526,6.325118542,9.026683807,0.308086157,0.799747884,0.818839788,0.826492071
Guatemala,High,High,2018,,,,,0.909538031,-0.015748881,62.099998474,6.626591682,9.044180870,0.262411267,0.765454412,0.827421427,0.841107249
Guatemala,High,High,2019,,,,,0.900676310,-0.068113439,62.299999237,6.262175083,9.067970276,0.310789257,0.772577941,0.819660842,0.774074376
Guatemala,High,High,2022,,,,,0.856143475,-0.060417511,62.900001526,6.150331497,9.122825623,0.263170809,0.835372388,0.834880233,0.806016386
Guatemala,High,High,2023,,,,,0.873079836,-0.049050260,63.099998474,6.421293736,9.140171051,0.302629977,0.812035024,0.843146861,0.796193480
Guinea,High,Medium,2011,,,,,0.796830237,0.036394905,51.020000458,4.044569492,7.556332588,0.260133177,0.743256271,0.669798911,0.598465562
Guinea,Medium,Medium,2012,,,,,0.646187842,-0.003165714,51.139999390,3.651554823,7.589314461,0.284573376,0.794450223,0.657049835,0.542295277
Guinea,Medium,Medium,2013,,,,,0.692736626,0.086997621,51.259998322,3.901793003,7.603590012,0.348057002,0.815481603,0.605540574,0.566866577
Guinea,Medium,Medium,2014,,,,,0.683557570,0.002136803,51.380001068,3.412482500,7.615059376,0.351264536,0.705246389,0.643382549,0.637713730
Guinea,Medium,Medium,2015,,,,,0.665953040,0.002731623,51.5,3.504693508,7.627111912,0.267741233,0.762152016,0.658103645,0.578859627
Guinea,High,Medium,2016,,,,,0.725685179,-0.060191609,51.950000763,3.602854729,7.703959465,0.374393791,0.802781165,0.676122487,0.675447047
Guinea,High,Medium,2017,,,,,0.738212824,0.033802852,52.400001526,4.873722553,7.776358128,0.422460884,0.750026226,0.701788723,0.634025574
Guinea,High,Medium,2018,,,,,0.731157243,0.087670214,52.849998474,5.252226830,7.812669277,0.440438300,0.778393805,0.727270722,0.630433142
Guinea,Medium,Medium,2019,,,,,0.691399097,0.092204399,53.299999237,4.767684460,7.841940880,0.473388433,0.755585492,0.669558287,0.655124187
Guinea,Medium,High,2020,,,,,0.598107696,0.075127020,53.75,4.972168446,7.864849091,0.346021980,0.790462673,0.706352055,0.731928527
Guinea,Medium,Medium,2021,,,,,0.676289976,0.157070622,54.200000763,4.944539547,7.878664494,0.450476736,0.783515692,0.671716809,0.627239227
Guinea,High,Medium,2022,,,,,0.729232073,0.135790482,54.650001526,5.317492962,7.900684357,0.492336690,0.770350397,0.698896885,0.582017422
Guinea,High,Medium,2023,,,,,0.743183076,0.186741203,55.099998474,4.827179909,7.931992054,0.515565395,0.790581107,0.651949823,0.576948881
Guyana,Medium,High,2007,,,,,0.694005668,0.082012504,56.240001678,5.992826462,9.088530540,0.296419770,0.835569084,0.760633051,0.848765194
Haiti,Medium,Medium,2006,,,,,0.449474722,0.354995996,6.719999790,3.754156113,7.976453304,0.332141399,0.853506446,0.583196223,0.693800747
Haiti,Medium,Medium,2008,,,,,0.464970648,0.213009655,17.360000610,3.846329212,8.015879631,0.255774111,0.811658978,0.572522998,0.679098427
Haiti,Low,Medium,2010,,,,,0.372941315,0.167340115,28,3.765998840,7.987371445,0.292556822,0.848006785,0.495069414,0.554030776
Haiti,Medium,Medium,2011,,,,,0.412587792,0.194368914,33.319999695,4.844573975,8.025838852,0.244855642,0.681960106,0.550258100,0.567039013
Haiti,Medium,High,2012,,,,,0.482485861,0.242566466,38.639999390,4.413475037,8.015476227,0.283806413,0.717166364,0.556582868,0.748662710
Haiti,Medium,Medium,2013,,,,,0.610410035,0.242882803,43.959999084,4.621962070,8.042824745,0.326655537,0.668975711,0.528251290,0.648350894
Haiti,Medium,Medium,2014,,,,,0.508805454,0.238246694,49.279998779,3.888778448,8.056643486,0.327208459,0.707521260,0.573324144,0.554148793
Haiti,Low,Medium,2015,,,,,0.398295492,0.259284139,54.599998474,3.569762468,8.056147575,0.332539678,0.777403951,0.597596824,0.564319670
Haiti,Low,Medium,2016,,,,,0.303540409,0.244460702,54.900001526,3.352300167,8.060001373,0.367341012,0.838523149,0.532205284,0.583742440
Haiti,Medium,Medium,2017,,,,,0.484429151,0.333262593,55.200000763,3.823865652,8.070919037,0.321692765,0.647191584,0.570106566,0.646984994
Haiti,Medium,Medium,2018,,,,,0.591468394,0.373718470,55.5,3.614928007,8.073848724,0.358720034,0.720444739,0.580672979,0.537975907
Honduras,Medium,High,2006,,,,,0.650253594,0.084848262,63.099998474,5.396519661,8.448007584,0.155473977,0.843539059,0.837169111,0.932676792
Honduras,Medium,High,2007,,,,,0.675630987,0.226033181,62.900001526,5.097154140,8.485170364,0.198780000,0.825974703,0.711917400,0.818868577
Honduras,Medium,High,2008,,,,,0.686880887,0.218838841,62.700000763,5.420331001,8.504487038,0.205853820,0.863222003,0.718948781,0.828175902
Honduras,Medium,High,2009,,,,,0.661202788,0.114379749,62.5,6.033189297,8.458436012,0.261304349,0.856734335,0.744660378,0.823966086
Honduras,Medium,High,2010,,,,,0.645528495,0.101223089,62.299999237,5.866131306,8.474308968,0.259946257,0.819940090,0.745393693,0.802938998
Honduras,High,High,2011,,,,,0.783369064,0.091322102,62.099998474,4.961031437,8.491849899,0.307470977,0.883963168,0.756794870,0.765701830
Honduras,High,High,2012,,,,,0.700452089,-0.007311854,61.900001526,4.602218151,8.512798309,0.293591261,0.871437132,0.796344340,0.779194891
Honduras,Medium,High,2013,,,,,0.698400378,-0.031263009,61.700000763,4.713358402,8.521371841,0.283281326,0.867699742,0.794984698,0.791960239
Honduras,Medium,High,2014,,,,,0.695982575,0.011086553,61.5,5.055726051,8.533008575,0.299388498,0.834350109,0.794057786,0.790214539
Honduras,Medium,High,2015,,,,,0.534057677,-0.100775450,61.299999237,4.845436573,8.552596092,0.310766160,0.848082721,0.829365373,0.772375524
Honduras,High,High,2016,,,,,0.850046694,0.076099269,61.724998474,5.648154736,8.573054314,0.296846688,0.792875171,0.790041089,0.773909986
Honduras,High,High,2017,,,,,0.898377419,0.068243355,62.150001526,6.019985676,8.602948189,0.248383343,0.783429444,0.796158135,0.843354940
Honduras,High,High,2018,,,,,0.872161686,0.095239170,62.575000763,5.908423901,8.623580933,0.287357897,0.803564787,0.821862280,0.827067018
Honduras,High,High,2019,,,,,0.846190035,0.058763392,63,5.930051327,8.632958412,0.278882086,0.814962924,0.789050698,0.797148347
Honduras,High,High,2021,,,,,0.835045755,0.110611603,63.849998474,6.113636017,8.625540733,0.269214004,0.847225428,0.807722807,0.805980861
Honduras,High,High,2022,,,,,0.851199389,0.078004785,64.275001526,5.931803703,8.649821281,0.288929313,0.834249735,0.774555802,0.728614807
Honduras,High,High,2023,,,,,0.878161669,0.078597203,64.699996948,5.860568047,8.669590950,0.285343945,0.783737063,0.767172992,0.731275856
Hong Kong S.A.R. of China,High,High,2006,,,,,0.909820080,0.149534062,,5.511187077,10.746400833,0.235955417,0.355984807,0.591139972,0.812177718
Hong Kong S.A.R. of China,High,High,2008,,,,,0.922211289,0.290214002,,5.137261868,10.815522194,0.236634448,0.273945063,0.575072944,0.840222418
Hong Kong S.A.R. of China,High,High,2009,,,,,0.918026328,0.301591933,,5.397055626,10.788470268,0.210104212,0.272124708,0.606459022,0.834715724
Hong Kong S.A.R. of China,High,High,2010,,,,,0.890417695,0.325891316,,5.642834663,10.846611023,0.183105648,0.255775422,0.600561321,0.857314408
Hong Kong S.A.R. of China,High,High,2011,,,,,0.894330144,0.228478566,,5.474010944,10.886909485,0.195711568,0.244886592,0.582491279,0.846060157
Hong Kong S.A.R. of China,High,High,2012,,,,,0.879752457,0.216323942,,5.483764648,10.892730713,0.183349267,0.379783154,0.580223143,0.826425672
Hong Kong S.A.R. of China,High,High,2014,,,,,0.843082368,0.217707112,,5.458050728,10.939480782,0.242867544,0.422959864,0.602495313,0.833558202
Hong Kong S.A.R. of China,High,High,2016,,,,,0.799743414,0.094129287,,5.498420715,10.969893456,0.213114589,0.402812570,0.568554521,0.832077920
Hong Kong S.A.R. of China,High,High,2017,,,,,0.830657244,0.133959398,,5.362474918,10.999466896,0.200593412,0.415810198,0.535811782,0.831066310
Hong Kong S.A.R. of China,High,High,2019,,,,,0.726852179,0.061592530,,5.659317017,10.995277405,0.357607275,0.431973636,0.519312441,0.855825663
Hong Kong S.A.R. of China,High,High,2020,,,,,0.705452263,-0.075884245,,5.295341492,10.931178093,0.210313618,0.380351216,0.521670997,0.812942982
Hong Kong S.A.R. of China,Medium,High,2021,,,,,0.668630600,0.020678082,,5.321550846,11.002723694,0.223565042,0.389589489,0.534147561,0.821088552
Hong Kong S.A.R. of China,Medium,High,2022,,,,,0.696975470,0.040136624,,5.311294079,10.976421356,0.203719839,0.383464396,0.548589468,0.803008497
Hungary,Medium,High,2005,,,,,0.696874499,,65,5.193933487,10.102767944,0.290326953,0.902810693,0.578233123,0.929628253
Hungary,Medium,High,2007,,,,,0.538498104,-0.166310042,65.319999695,4.953917027,10.147346497,0.230282992,0.895177424,0.600212455,0.930653870
Hungary,Medium,High,2009,,,,,0.464373112,-0.130641460,65.639999390,4.894600391,10.092379570,0.227890417,0.914700747,0.575199783,0.900874496
Hungary,Medium,High,2010,,,,,0.513835371,-0.150868401,65.800003052,4.725132465,10.105344772,0.234813049,0.983276010,0.574385524,0.895693719
Hungary,Medium,High,2011,,,,,0.631100118,-0.094855882,65.959999084,4.917602539,10.126674652,0.304519564,0.939908028,0.586092055,0.893662214
Hungary,Medium,High,2012,,,,,0.569231510,-0.142038748,66.120002747,4.683358192,10.119257927,0.315398008,0.930297315,0.581948757,0.906113982
Hungary,Medium,High,2013,,,,,0.673728287,-0.118784986,66.279998779,4.914466858,10.139876366,0.306724131,0.911533177,0.646606326,0.877318323
Hungary,Medium,High,2014,,,,,0.494474709,-0.155660510,66.440002441,5.180563450,10.184020996,0.237619638,0.855361402,0.577916741,0.844735265
Hungary,Medium,High,2015,,,,,0.557721376,-0.203650042,66.599998474,5.344383240,10.222802162,0.244536385,0.907530308,0.649912417,0.858733833
Hungary,Medium,High,2016,,,,,0.553951740,-0.192704231,66.75,5.448901653,10.247524261,0.243325770,0.924185812,0.589961708,0.899511576
Hungary,Medium,High,2017,,,,,0.661165953,-0.145132914,66.900001526,6.065038681,10.292015076,0.180921271,0.886361301,0.643605471,0.876747549
Hungary,Medium,High,2018,,,,,0.692627072,-0.248637363,67.050003052,5.935770988,10.345518112,0.201082885,0.911277413,0.594677150,0.940591395
Hungary,High,High,2019,,,,,0.798041046,-0.200878933,67.199996948,6.000259876,10.393466949,0.180348128,0.883571446,0.652892768,0.946515560
Hungary,High,High,2020,,,,,0.770968080,-0.127320081,67.349998474,6.038049698,10.349202156,0.240051940,0.836105108,0.661645353,0.943400383
Hungary,High,High,2021,,,,,0.727489948,-0.046104457,67.5,6.226647854,10.422864914,0.191949174,0.831555367,0.668148637,0.947892129
Hungary,High,High,2022,,,,,0.775502026,-0.009392014,67.650001526,5.861183167,10.470348358,0.250135899,0.848249376,0.628221273,0.937058866
Hungary,High,High,2023,,,,,0.754715323,-0.002145068,67.800003052,5.965178013,10.472707748,0.188588902,0.847480953,0.673011005,0.954226375
Iceland,High,High,2008,,,,,0.885196149,0.264505446,71.199996948,6.888284206,10.878036499,0.153068438,0.708049297,0.851445079,0.977429569
Iceland,High,High,2012,,,,,0.904654503,0.234577358,71.599998474,7.590660095,10.788086891,0.157153815,0.758585632,0.816949069,0.978965282
Iceland,High,High,2013,,,,,0.923207700,0.298813134,71.699996948,7.501394272,10.823146820,0.156275570,0.712598741,0.802266240,0.967144907
Iceland,High,High,2015,,,,,0.940485120,0.294119060,71.900001526,7.498070717,10.861743927,0.179504439,0.638661802,0.794291139,0.980283201
Iceland,High,High,2016,,,,,0.951609552,0.274389535,71.925003052,7.510034561,10.908992767,0.158169165,0.719299555,0.807857871,0.984940052
Iceland,High,High,2017,,,,,0.938783288,0.239581913,71.949996948,7.476213932,10.926630974,0.148160011,0.726845384,0.823209763,0.966752827
Iceland,High,High,2019,,,,,0.959470093,,72,7.532504559,10.943484306,0.177703530,0.698707938,0.787222624,0.981824577
Iceland,High,High,2020,,,,,0.948627174,0.152217194,72.025001526,7.575489521,10.852078438,0.171795145,0.644063890,0.808147848,0.983286083
Iceland,High,High,2021,,,,,0.923243344,0.256988943,72.050003052,7.564624786,10.878107071,0.159103200,0.664465606,0.805808485,0.979858220
Iceland,High,High,2022,,,,,0.935669005,0.221635014,72.074996948,7.448794365,10.915693283,0.177992821,0.692434132,0.768394172,0.984801114
Iceland,High,High,2023,,,,,0.918376803,0.299156994,72.099998474,7.561609268,10.934166908,0.185020506,0.697474718,0.793062627,0.978788912
India,High,High,2006,,,,,0.773737073,,55.860000610,5.348258972,8.141137123,0.198601618,0.854811728,0.576095998,0.707318068
India,High,Medium,2007,,,,,0.728892624,-0.056243528,56.220001221,5.026793480,8.200288773,0.252502203,0.862142861,0.541329563,0.568992674
India,High,Medium,2008,,,,,0.755839646,-0.076933585,56.580001831,5.145833015,8.216464996,0.259315461,0.891188443,0.572613895,0.683593154
India,Medium,Medium,2009,,,,,0.678643644,-0.030991057,56.939998627,4.521517754,8.278234482,0.300621331,0.894611061,0.638585687,0.652852058
India,High,Medium,2010,,,,,0.783060372,0.052840173,57.299999237,4.989277363,8.346015930,0.266502023,0.862548053,0.579225481,0.604809761
India,High,Medium,2011,,,,,0.837551653,-0.042788167,57.659999847,4.634871483,8.383486748,0.231594488,0.907793522,0.479759604,0.552593112
India,Medium,Medium,2012,,,,,0.609320104,0.062360067,58.020000458,4.720146656,8.423292160,0.294841021,0.829614758,0.543506503,0.510574579
India,High,Medium,2013,,,,,0.740176618,0.079355136,58.380001068,4.427788734,8.472221375,0.330437362,0.832356334,0.608282983,0.552826345
India,High,Medium,2014,,,,,0.809382915,-0.030642148,58.740001678,4.424379349,8.531302452,0.284582049,0.832141995,0.651042819,0.621466637
India,High,Medium,2015,,,,,0.777225256,-0.009961412,59.099998474,4.342079163,8.596350670,0.321829438,0.776434958,0.657200933,0.610133290
India,High,Medium,2016,,,,,0.820068777,0.041141920,59.400001526,4.179177284,8.663831711,0.345681459,0.764722109,0.645889163,0.613529384
India,High,Medium,2017,,,,,0.885850430,-0.046380542,59.700000763,4.046111107,8.718020439,0.317936778,0.780802786,0.578831077,0.606767476
India,High,Medium,2018,,,,,0.890443385,0.079964511,60,3.818068743,8.769686699,0.357458085,0.805263340,0.590560198,0.638051987
India,High,Medium,2019,,,,,0.875540316,0.107808761,60.299999237,3.248769760,8.797416687,0.466335624,0.751979411,0.560403168,0.560780764
India,High,Medium,2020,,,,,0.906415939,0.067569822,60.599998474,4.223865509,8.727785110,0.383293122,0.780127108,0.686477244,0.616411507
India,High,Medium,2021,,,,,0.866110921,0.052122686,60.900001526,3.558253765,8.806451797,0.429137886,0.756820023,0.547308445,0.569732904
India,High,Medium,2022,,,,,0.893131018,0.085464105,61.200000763,3.929816246,8.867334366,0.432264358,0.770741999,0.596354604,0.608045101
India,High,Medium,2023,,,,,0.899601042,0.120886922,61.5,4.676008701,8.919470787,0.388525695,0.769851804,0.698765099,0.632896602
Indonesia,High,High,2006,,,,,0.713171124,0.342780262,60.319999695,4.946978092,8.839255333,0.265537202,0.915120065,0.715400815,0.770950854
Indonesia,Medium,High,2007,,,,,0.603260338,0.306765974,60.540000916,5.101213932,8.887655258,0.241613194,0.959867001,0.695946157,0.703788102
Indonesia,Medium,Medium,2008,,,,,0.595633388,0.159502715,60.759998322,4.815309525,8.933032036,0.239270583,0.968211830,0.675309420,0.675075412
Indonesia,High,High,2009,,,,,0.783792853,0.185986578,60.979999542,5.472361088,8.965565681,0.192703858,0.910941303,0.767534971,0.779368043
Indonesia,Medium,High,2010,,,,,0.699657559,0.442654878,61.200000763,5.457299232,9.013428688,0.217907995,0.954049587,0.716957510,0.816021502
Indonesia,High,High,2011,,,,,0.878287196,0.433000416,61.419998169,5.172608376,9.060741425,0.273416042,0.962294877,0.747676671,0.824977040
Indonesia,High,High,2012,,,,,0.770319343,0.349061310,61.639999390,5.367774010,9.106734276,0.228979602,0.961588860,0.763571858,0.833621144
Indonesia,High,High,2013,,,,,0.780690789,0.370877981,61.860000610,5.292237759,9.148689270,0.249146357,0.972668588,0.777257264,0.793760836
Indonesia,High,High,2014,,,,,0.719413280,0.402708769,62.080001831,5.597375393,9.185947418,0.241678208,0.970144212,0.757046998,0.904827833
Indonesia,High,High,2015,,,,,0.779418349,0.465960234,62.299999237,5.042799950,9.222451210,0.274292201,0.945967257,0.796219051,0.809478104
Indonesia,High,High,2016,,,,,0.829941630,0.494283438,62.424999237,5.136325359,9.260966301,0.341573596,0.889677405,0.747754455,0.791830599
Indonesia,High,High,2017,,,,,0.865026295,0.482244015,62.549999237,5.098401546,9.300356865,0.319171578,0.900416434,0.781277835,0.795589209
Indonesia,High,High,2018,,,,,0.879374385,0.506228209,62.674999237,5.340295792,9.341143608,0.295986801,0.867729425,0.796030700,0.809378862
Indonesia,High,High,2019,,,,,0.865859151,0.549458742,62.799999237,5.346512794,9.380740166,0.301702797,0.860784769,0.800203919,0.801918030
Indonesia,High,High,2020,,,,,0.853326380,0.529078484,62.924999237,4.828147411,9.351465225,0.351377964,0.913812995,0.742214978,0.750896156
Indonesia,High,High,2021,,,,,0.884855866,0.540485322,63.049999237,5.433173180,9.380879402,0.272753060,0.845080256,0.798546731,0.816924691
Indonesia,High,High,2022,,,,,0.903250694,0.516282499,63.174999237,5.584685802,9.426238060,0.268775225,0.861708522,0.818228722,0.834076643
Indonesia,High,High,2023,,,,,0.900427938,0.589554369,63.299999237,5.694869518,9.465581894,0.289472163,0.866237402,0.813895047,0.780544460
Iran,Medium,High,2005,,,,,0.651167691,,64.300003052,5.308190346,9.497694016,0.456109405,0.636490345,0.514641285,0.765978038
Iran,Medium,High,2007,,,,,0.532619894,0.042898957,64.580001831,5.336371422,9.594892502,0.361320287,0.871643960,0.553412080,0.717592120
Iran,Medium,Medium,2008,,,,,0.601222098,0.039843492,64.720001221,5.128988266,9.583679199,0.345182449,0.868343472,0.540651083,0.632628739
Iran,High,Medium,2011,,,,,0.797573686,0.188378543,65.139999390,4.767507076,9.635751724,0.359067976,0.664581537,0.512540460,0.582237065
Iran,High,Medium,2012,,,,,0.764418423,,65.279998779,4.608927727,9.584786415,0.524968743,0.677707136,0.529298484,0.599542618
Iran,High,Medium,2013,,,,,0.730214715,0.201935321,65.419998169,5.139579296,9.554883957,0.551839709,0.685038149,0.574902415,0.663706720
Iran,High,Medium,2014,,,,,0.766822994,0.227228731,65.559997559,4.682224274,9.584557533,0.511569083,0.639682412,0.549891829,0.644063771
Iran,High,Medium,2015,,,,,0.780383229,0.163672641,65.699996948,4.749955654,9.547588348,0.519858181,0.698951244,0.548020124,0.572406888
Iran,High,Medium,2016,,,,,0.773303747,0.176195890,65.849998474,4.652730942,9.613709450,0.525876820,0.712782621,0.592352271,0.566281199
Iran,High,High,2017,,,,,0.730635166,0.209770635,66,4.716783047,9.626632690,0.438533902,0.714941323,0.589897513,0.714232922
Iran,Medium,Medium,2018,,,,,0.603319883,0.072635084,66.150001526,4.278117657,9.590757370,0.493148893,0.703439772,0.481677294,0.673764706
Iran,Medium,Medium,2019,,,,,0.623282075,0.128281355,66.300003052,5.006145954,9.552820206,0.448525667,0.728306532,0.524720848,0.698293149
Iran,Medium,High,2020,,,,,0.599594474,0.130297810,66.449996948,4.864528179,9.577228546,0.470245004,0.709901690,0.504636586,0.757218659
Iran,Medium,High,2021,,,,,0.609310269,0.172106355,66.599998474,4.787814140,9.616117477,0.427163750,0.761170328,0.517929852,0.771469533
Iran,Medium,High,2022,,,,,0.570203483,0.209394634,66.75,4.976995468,9.636131287,0.465916991,0.766079903,0.521017969,0.800070286
Iran,Medium,High,2023,,,,,0.615400136,0.253602982,66.900001526,5.004280567,9.650888443,0.424632758,0.764253139,0.533352613,0.809478879
Iraq,Low,High,2008,,,,,0.385769367,-0.060961686,60.939998627,4.589844704,8.981643677,0.448168784,0.909881651,0.532274425,0.744366288
Iraq,Medium,High,2009,,,,,0.431467623,-0.197962791,60.919998169,4.775316715,8.978890419,0.403819829,0.854340255,0.504469514,0.861746132
Iraq,Medium,High,2010,,,,,0.419064105,-0.122785158,60.900001526,5.065462112,9.009240150,0.430934399,0.858734667,0.496702403,0.854117811
Iraq,Low,High,2011,,,,,0.347414047,-0.067558467,60.880001068,4.725366116,9.047007561,0.557098687,0.780027211,0.473191261,0.750748634
Iraq,Low,High,2012,,,,,0.314564615,-0.017685859,60.860000610,4.659508705,9.132593155,0.449058890,0.789190650,0.410450041,0.730118215
Iraq,High,High,2013,,,,,,-0.046793588,60.840000153,4.725017071,9.159455299,0.554278731,0.709726155,,0.728285432
Iraq,Medium,High,2014,,,,,0.646006584,0.002237083,60.819999695,4.541502476,9.126399994,0.563631117,0.726008117,0.538857281,0.725150704
Iraq,Medium,Medium,2015,,,,,0.599459946,0.020731391,60.799999237,4.493377209,9.145398140,0.581266940,0.762167156,0.478412598,0.684434831
Iraq,Medium,High,2016,,,,,0.666160166,-0.050242610,61.275001526,4.412537098,9.249965668,0.569758058,0.798866451,0.471186787,0.718956709
Iraq,Medium,Medium,2017,,,,,0.627722025,0.000740691,61.75,4.462399006,9.208023071,0.590538740,0.757108808,0.487017930,0.695109367
Iraq,Medium,High,2018,,,,,0.597822785,-0.069222510,62.224998474,4.886400700,9.209845543,0.482026786,0.886699617,0.551774025,0.763508916
Iraq,High,High,2020,,,,,0.700214565,-0.020617973,63.174999237,4.785165310,9.087960243,0.531538904,0.849108756,0.585361362,0.707847476
Iraq,Medium,High,2021,,,,,0.594466746,0.006259761,63.650001526,5.093667984,9.080981255,0.474228501,0.900640011,0.577400565,0.730212867
Iraq,Medium,High,2022,,,,,0.660884440,0.067890368,64.125,4.927995682,9.126852036,0.499243647,0.855206430,0.564686239,0.753048241
Iraq,Medium,High,2023,,,,,0.658408582,-0.017449111,64.599998474,5.475371838,9.093181610,0.468665332,0.851072788,0.586599290,0.734168351
Ireland,High,High,2006,,,,,0.943274736,0.234877765,69.620002747,7.144246578,10.984924316,0.208633751,0.472848564,0.814784765,0.967041135
Ireland,High,High,2008,,,,,0.894108713,0.314931840,69.860000610,7.568029881,10.941490173,0.147759244,0.486994654,0.745194614,0.982521713
Ireland,High,High,2009,,,,,0.834729671,0.308256090,69.980003357,7.045911312,10.879031181,0.232698768,0.579600155,0.745341063,0.958702445
Ireland,High,High,2010,,,,,0.856029570,0.341102749,70.099998474,7.257389545,10.890272141,0.200655416,0.618024111,0.762811244,0.972885907
Ireland,High,High,2011,,,,,0.952034354,0.376204252,70.220001221,7.006904125,10.894215584,0.190309450,0.589912653,0.786443889,0.977377594
Ireland,High,High,2012,,,,,0.902194560,0.295172215,70.339996338,6.964645386,10.889922142,0.236661568,0.572632253,0.721398354,0.961785913
Ireland,High,High,2013,,,,,0.883772016,0.324503183,70.459999084,6.760085106,10.895851135,0.245267823,0.558394194,0.744001567,0.955188334
Ireland,High,High,2014,,,,,0.921629548,0.256636351,70.580001831,7.018379211,10.971496582,0.228723049,0.406036258,0.736091077,0.967744648
Ireland,High,High,2015,,,,,0.892276943,0.225984544,70.699996948,6.830125332,11.180142403,0.225349247,0.408756912,0.748266399,0.952942550
Ireland,High,High,2016,,,,,0.874589145,0.168810606,70.800003052,7.040731430,11.188721657,0.211063311,0.398544312,0.744257927,0.958144009
Ireland,High,High,2017,,,,,0.905341148,0.210426301,70.900001526,7.060155392,11.264061928,0.212784126,0.337084740,0.771208107,0.943481982
Ireland,High,High,2018,,,,,0.861471593,0.137889087,71,6.962335587,11.333506584,0.213050067,0.362210244,0.753603339,0.937862396
Ireland,High,High,2019,,,,,0.892458677,0.067266740,71.099998474,7.254841328,11.372811317,0.223299861,0.372803569,0.758422494,0.943726361
Ireland,High,High,2020,,,,,0.882098258,0.000456251,71.199996948,7.034930706,11.422528267,0.246447265,0.355632722,0.752608776,0.960311055
Ireland,High,High,2021,,,,,0.846344113,0.131151393,71.300003052,6.827651978,11.540399551,0.245210573,0.360423386,0.732733727,0.849838138
Ireland,High,High,2022,,,,,0.895009518,0.137684599,71.400001526,6.869863987,11.642819405,0.234125689,0.357812256,0.737860203,0.906079292
Ireland,High,High,2023,,,,,0.902766407,0.182177886,71.5,6.816531181,11.675587654,0.245300189,0.373317093,0.741769552,0.921253502
Israel,High,High,2006,,,,,0.816652834,,71.080001831,7.173417091,10.367561340,0.308495611,0.905374765,0.638606071,0.927078903
Israel,Medium,High,2007,,,,,0.682864070,0.214687407,71.160003662,6.841114998,10.408382416,0.319893599,0.867820978,0.642078578,0.868216813
Israel,Medium,High,2008,,,,,0.662969172,0.133870378,71.239997864,7.261261463,10.422611237,0.349394649,0.898196399,0.635245323,0.859264135
Israel,Medium,High,2009,,,,,0.592529774,0.166971549,71.319999695,7.352979183,10.407501221,0.326583624,0.922718406,0.620061755,0.936573029
Israel,Medium,High,2010,,,,,0.561477900,0.145136788,71.400001526,7.358916283,10.444370270,0.362394363,0.902182698,0.627862692,0.881829858
Israel,High,High,2011,,,,,0.722269237,0.135575905,71.480003357,7.433147907,10.480010033,0.384475023,0.891295373,0.654481232,0.892696559
Israel,Medium,High,2012,,,,,0.681439221,0.147289976,71.559997559,7.110854626,10.487095833,0.319231451,0.862327278,0.611278474,0.903415501
Israel,High,High,2013,,,,,0.739001632,0.144670218,71.639999390,7.320563316,10.511643410,0.408576161,0.848537862,0.648566186,0.908515871
Israel,High,High,2014,,,,,0.706974626,0.087720796,71.720001221,7.400570393,10.530890465,0.271255702,0.818039954,0.567181110,0.889069736
Israel,High,High,2015,,,,,0.752783954,0.102507547,71.800003052,7.079411030,10.535632133,0.256258249,0.789429903,0.651632190,0.864130199
Israel,High,High,2016,,,,,0.772297323,0.146814689,71.949996948,7.159010887,10.560252190,0.263090223,0.804056585,0.601827323,0.889660776
Israel,High,High,2017,,,,,0.768076301,0.138469726,72.099998474,7.331036091,10.582741737,0.276443154,0.792652249,0.620967388,0.916440845
Israel,High,High,2018,,,,,0.724662304,0.047982812,72.25,6.927178860,10.603372574,0.282062560,0.770134807,0.611806214,0.909595430
Israel,High,High,2019,,,,,0.834491909,0.077703469,72.400001526,7.331779957,10.625003815,0.265891671,0.742867768,0.597811222,0.946010649
Israel,High,High,2020,,,,,0.831315815,-0.058966748,72.550003052,7.194928169,10.588619232,0.242825732,0.747639060,0.564403653,0.959072173
Israel,High,High,2021,,,,,0.819777012,-0.008337162,72.699996948,7.577528000,10.655127525,0.216542810,0.726003766,0.558294713,0.916583240
Israel,High,High,2022,,,,,0.774947405,-0.007090267,72.849998474,7.662397385,10.698113441,0.182902023,0.654698849,0.582625329,0.953652740
Israel,High,High,2023,,,,,0.797024131,0.146183684,73,6.783402443,10.707268715,0.515915692,0.635508955,0.484275818,0.951891184
Italy,High,High,2005,,,,,0.802194953,,70.599998474,6.853783607,10.697854996,0.294698149,0.943912327,0.606102049,0.928000689
Italy,Medium,High,2007,,,,,0.684297025,0.107815705,70.800003052,6.574412346,10.722309113,0.303445637,0.922196567,0.649948180,0.912292421
Italy,Medium,High,2008,,,,,0.543076873,0.043597244,70.900001526,6.779774189,10.706018448,0.267580599,0.945625067,0.587876499,0.879663110
Italy,High,High,2009,,,,,0.700550497,0.234779552,71,6.333800316,10.647207260,0.279377729,0.889984667,0.715410948,0.880312502
Italy,High,High,2010,,,,,0.737738907,-0.065182142,71.099998474,6.354238033,10.661119461,0.235879943,0.921075165,0.535315871,0.872384131
Italy,Medium,High,2011,,,,,0.567738414,-0.023472495,71.199996948,6.057086468,10.666447639,0.265567929,0.933460951,0.610143721,0.913309336
Italy,Medium,High,2012,,,,,0.570094943,0.107181028,71.300003052,5.839313984,10.633489609,0.387652248,0.908323646,0.651434124,0.869486630
Italy,Medium,High,2013,,,,,0.499168754,-0.107938595,71.400001526,6.009373665,10.603315353,0.356616199,0.942639291,0.701823175,0.916296065
Italy,Medium,High,2014,,,,,0.623531222,-0.070516631,71.5,6.026585102,10.594094276,0.356019616,0.919959545,0.658744931,0.897899330
Italy,Medium,High,2015,,,,,0.574765742,-0.069849044,71.599998474,5.847683907,10.602810860,0.329209089,0.912753046,0.646101654,0.908986509
Italy,Medium,High,2016,,,,,0.623741627,-0.086187355,71.675003052,5.954524040,10.617362022,0.339173585,0.902801216,0.632481337,0.927212834
Japan,High,High,2005,,,,,0.867779255,,72.400001526,6.515817165,10.551915169,0.153151050,0.698929727,0.685981691,0.927711964
Jordan,High,High,2005,,,,,,,65.800003052,6.294660091,9.282825470,0.239559561,0.669726729,0.629833221,0.920012951
Lebanon,High,High,2005,,,,,0.703205824,,65.099998474,5.491245270,9.571391106,0.292149812,0.945177019,0.558134913,0.796278358
Mexico,High,High,2005,,,,,0.813745499,,64.400001526,6.580657959,9.791635513,0.218942866,0.764249027,0.763287425,0.902807653
Netherlands,High,High,2005,,,,,0.901007771,,70.699996948,7.463979244,10.809069633,0.232794717,0.571342230,0.700739443,0.947357953
Pakistan,Medium,Medium,2005,,,,,0.629995883,,53.200000763,5.224657536,8.252208710,0.237265706,0.844436169,,0.590945721
Poland,High,High,2005,,,,,0.782473147,,66.199996948,5.587209225,9.843979836,0.282439232,0.982930899,0.610625982,0.921527624
Romania,High,High,2005,,,,,0.800120592,,64.5,5.048648357,9.732905388,0.345686913,0.956884563,0.576348126,0.837685466
Saudi Arabia,High,High,2005,,,,,,,61.200000763,7.079644203,10.679086685,0.242553025,0.505149066,0.680691183,0.867819488
Spain,High,High,2005,,,,,0.916164696,,70.400001526,7.152785778,10.544351578,0.240642577,0.777272284,0.694322646,0.961042881
Sweden,High,High,2005,,,,,0.964395404,,71,7.376315594,10.724154472,0.150766104,,0.742479682,0.951469898
TÃ¼rkiye,Medium,High,2005,,,,,0.623114944,,66.099998474,4.718733788,9.800280571,,0.876998603,0.478679717,0.819936395
United Kingdom,High,High,2005,,,,,0.922354519,,69.099998474,6.983556747,10.661453247,0.261732221,0.398456872,0.779467702,0.978839755
Venezuela,High,High,2005,,,,,0.838198006,,65.5,7.169620991,9.316228867,0.233013690,0.719800055,0.802928805,0.955278456
Jamaica,High,High,2006,,,,,0.738236070,-0.011116195,66.599998474,6.207881927,9.249233246,0.200846747,0.945987880,0.752819479,0.909083962
Kazakhstan,High,High,2006,,,,,0.730545938,-0.279744804,58,5.475948334,9.804372787,0.185065165,0.864982486,0.601881087,0.872088850
Kenya,Medium,High,2006,,,,,0.615886152,-0.034285169,51.419998169,4.223234177,8.164324760,0.198191911,0.860256970,0.657481313,0.908798158
Kuwait,High,High,2006,,,,,0.769072413,-0.242270440,68.400001526,6.075547218,11.232564926,0.182275355,0.328158110,0.788459420,0.918950438
Kyrgyzstan,Medium,High,2006,,,,,0.677571654,-0.145364672,59.919998169,4.641398907,8.185375214,0.159482509,0.878633499,0.554507732,0.844136536
Laos,High,High,2006,,,,,0.925082147,0.435170621,55.880001068,5.076225758,8.233675003,0.162684694,0.687814236,0.789511740,0.806987047
Latvia,Medium,High,2006,,,,,0.640807152,-0.235747769,63.099998474,4.709502220,10.042186737,0.234135449,0.937048614,0.590247095,0.884498775
Lebanon,Medium,High,2006,,,,,0.670193553,0.063535929,65.160003662,4.653103828,9.570357323,0.319716394,0.901959538,0.501354635,0.853151023
Lithuania,Medium,High,2006,,,,,0.567254603,-0.300663680,63.5,5.954442978,10.042292595,0.253998250,0.966878653,0.566560030,0.930439949
Madagascar,High,High,2006,,,,,,-0.041854814,54.139999390,3.979751348,7.351137161,0.161333442,,0.562594175,0.711134732
Malawi,High,Medium,2006,,,,,0.767141640,0.171221122,45.360000610,3.829868078,7.014667988,0.222251549,0.676439166,0.608673573,0.553878903
Malaysia,High,High,2006,,,,,0.836765766,0.196234465,65.080001831,6.011716843,9.827419281,0.242824569,0.739797235,0.687222064,0.865899801
Mali,Medium,High,2006,,,,,0.555075645,-0.074618995,49.939998627,4.014075756,7.561395168,0.208562687,0.761045754,0.747596443,0.761116147
Moldova,Medium,High,2006,,,,,0.554478109,-0.168744326,59.479999542,5.102071285,8.922008514,0.254923016,0.926055431,0.553242445,0.812182605
Mozambique,Medium,High,2006,,,,,0.684149206,0.035071425,44.819999695,4.594879627,6.791730404,0.326822996,0.757999182,0.602492452,0.878794909
Nepal,Medium,High,2006,,,,,0.689295828,,59.659999847,4.566594601,7.734345436,0.170838207,0.897136629,0.582539678,0.873681068
New Zealand,High,High,2006,,,,,0.932080269,0.304418176,69.720001221,7.305014133,10.541116714,0.218773201,0.224220231,0.824703038,0.946047485
Nicaragua,High,High,2006,,,,,0.745456338,0.004562445,64.300003052,4.460158348,8.395250320,0.294415772,0.844391346,0.780207157,0.877170146
Niger,High,Medium,2006,,,,,0.750336349,0.072593786,50.139999390,3.736951828,6.872498035,0.179303586,0.754975379,0.745853782,0.677165508
Nigeria,Medium,High,2006,,,,,0.649139762,0.080459572,50.220001221,4.709745884,8.313640594,0.178237170,0.870748997,0.771529913,0.735178590
Norway,High,High,2006,,,,,0.959532738,0.100618370,69.400001526,7.415682316,11.055703163,0.197113186,0.397150129,0.766967356,0.958511293
Panama,High,High,2006,,,,,0.882047236,-0.055879828,66.860000610,6.127988338,9.806320190,0.232062608,0.911755919,0.825811207,0.950980365
Paraguay,Medium,High,2006,,,,,0.691021681,0.055792641,64.879997253,4.730082035,9.153956413,0.302746117,0.840989172,0.751927376,0.895427763
Peru,Medium,High,2006,,,,,0.667579174,-0.075997457,66.459999084,4.810845375,8.979471207,0.419590116,0.895347834,0.675224841,0.874649584
Philippines,High,High,2006,,,,,0.828273118,0.058050551,61.360000610,4.669945717,8.561695099,,0.841298819,0.755979240,0.795313299
Portugal,High,High,2006,,,,,0.882068098,-0.184415236,68.339996338,5.405246258,10.358528137,0.333497614,0.880059004,0.646715462,0.905289888
Russia,Medium,High,2006,,,,,0.643388212,-0.312144041,58.740001678,4.963742733,9.987711906,0.232429147,0.935101748,0.533524811,0.894707382
Rwanda,High,High,2006,,,,,0.915480852,,53.5,4.214703560,7.087327003,0.188996330,0.298643529,0.700726748,0.717583358
Senegal,High,High,2006,,,,,0.735723555,-0.059306670,55.5,4.417352676,7.929926872,0.224989697,0.805329144,0.687083721,0.760252059
Sierra Leone,Medium,Medium,2006,,,,,0.679001093,0.096665360,46.279998779,3.628185034,7.122108936,0.380654573,0.836166084,0.534737051,0.561355948
Singapore,High,High,2006,,,,,0.756873548,0.132058397,71.580001831,6.462702751,11.167978287,0.266720772,,0.688982964,0.904328883
Slovakia,Medium,High,2006,,,,,0.542479694,-0.053623214,65.620002747,5.264676571,9.988945961,0.307859093,0.945731282,0.585977197,0.953579247
Slovenia,High,High,2006,,,,,0.935824215,0.037039824,68.559997559,5.811264515,10.398571968,0.307204872,0.707797885,0.608156204,0.936075211
South Africa,Medium,High,2006,,,,,0.648762882,-0.094357446,46,5.083986759,9.455392838,0.222731337,,0.724232376,0.913030207
South Korea,High,High,2006,,,,,0.715241730,-0.057847090,70.019996643,5.332177639,10.308636665,0.338152170,0.798615158,0.545332074,0.775498927
Sri Lanka,High,High,2006,,,,,0.723847628,0.055142485,62.279998779,4.344610691,8.936827660,0.216329843,0.837784767,0.638567686,0.863598704
State of Palestine,Medium,High,2006,,,,,0.546506464,,,4.716387749,8.201192856,0.430579603,0.857823968,0.491536111,0.817945421
Switzerland,High,High,2006,,,,,0.918957710,0.283896208,71.160003662,7.473252773,11.055937767,0.211929336,0.407931417,0.742093623,0.951352119
Taiwan Province of China,Medium,High,2006,,,,,0.629909635,-0.034993432,68.680000305,6.189050198,10.601690292,0.094316125,0.845849812,0.682515800,0.882246196
Tajikistan,High,High,2006,,,,,0.701759934,-0.096136965,60.5,4.613099098,7.590970516,0.194670647,0.768155158,0.494062990,0.723840773
Tanzania,High,High,2006,,,,,0.786858559,-0.030391745,50.759998322,3.922484159,7.459066391,0.209238470,0.649104774,0.725443363,0.782916188
Thailand,High,High,2006,,,,,0.863195002,0.326442093,66.379997253,5.885432720,9.452481270,0.164122775,0.934745491,0.749904871,0.894326627
Togo,Medium,Medium,2006,,,,,0.628228486,-0.030360557,50.240001678,3.202429295,7.341597557,0.348204553,0.849971652,0.570732355,0.435413569
Trinidad and Tobago,High,High,2006,,,,,0.840088725,0.139265895,61.779998779,5.832188606,10.172087669,0.229044273,0.917428493,0.750019670,0.886789143
Uganda,High,High,2006,,,,,0.746722817,-0.046065241,48.740001678,3.733583927,7.370232105,0.254417956,0.806588590,0.552032530,0.760255516
Ukraine,Medium,High,2006,,,,,0.623814106,-0.265140116,60.919998169,4.803954124,9.414028168,0.249234051,0.929431498,0.551184297,0.852453351
United Arab Emirates,High,High,2006,,,,,0.897557020,-0.043461826,64.860000610,6.734221935,11.433054924,0.275255412,0.203358769,0.693962455,0.903410435
United States,High,High,2006,,,,,0.911496103,,66.779998779,7.181793690,10.920667648,0.260510951,0.600308657,0.774832726,0.964571774
Uruguay,High,High,2006,,,,,0.806579232,-0.125180498,66.779998779,5.785868168,9.640083313,0.306158066,0.476627111,0.701122224,0.911876857
Uzbekistan,High,High,2006,,,,,0.784301162,-0.125256509,61.340000153,5.232322216,8.255723000,0.195057839,0.608808279,0.650082767,0.903066933
Venezuela,High,High,2006,,,,,0.798280835,-0.037244376,65.459999084,6.525146008,9.467176437,0.178482935,0.646170914,0.836671948,0.946309865
Vietnam,High,High,2006,,,,,0.885792136,-0.006403921,64.180000305,5.293659687,8.553801537,0.203979179,,0.657484770,0.887664497
Zambia,High,High,2006,,,,,0.720971525,-0.012331475,46.759998322,4.824454784,7.834034920,0.226278365,0.785281360,0.663519204,0.797664523
Zimbabwe,Medium,High,2006,,,,,0.431110412,-0.063465022,40.400001526,3.826268435,7.459545135,0.297146589,0.904756904,0.668662250,0.821655512
Japan,High,High,2007,,,,,0.796054125,-0.097499758,72.639999390,6.238197803,10.578493118,0.206579819,0.809233308,0.683391690,0.938148081
Jordan,Medium,High,2007,,,,,0.646079123,-0.116677776,66.160003662,5.598057270,9.308220863,0.239749968,0.663644791,,0.840606511
Kazakhstan,High,High,2007,,,,,0.806299686,-0.251336873,58.599998474,5.718553543,9.878193855,0.178508401,0.865183055,0.556681812,0.860892773
Kenya,High,High,2007,,,,,0.749842286,0.039630216,51.939998627,4.575657845,8.200929642,0.161941111,0.798738539,0.698050320,0.841112077
Kosovo,Low,High,2007,,,,,0.381363839,,,5.103906155,,0.236699477,0.894462228,0.613723099,0.847811699
Kyrgyzstan,Medium,High,2007,,,,,0.683523118,-0.096591152,60.340000153,4.697761536,8.257814407,0.129502580,0.929054797,0.589768171,0.833097875
Laos,High,High,2007,,,,,0.866524875,0.473926276,56.259998322,5.363854885,8.291088104,0.135671452,0.580067098,0.751633048,0.789620697
Latvia,High,High,2007,,,,,0.700174093,-0.173262775,63.400001526,4.666971684,10.145130157,0.246862501,0.923952639,0.594059765,0.835508585
Liberia,High,Medium,2007,,,,,0.790374219,0.111470148,51.860000610,3.701401234,7.178884983,0.435410291,0.775734663,0.599677563,0.593731701
Lithuania,Medium,High,2007,,,,,0.589662313,-0.287421525,63.700000763,5.808284760,10.159500122,0.279184252,0.966326058,0.522942126,0.940791965
Malawi,High,Medium,2007,,,,,0.909993827,0.173183560,46.419998169,4.891036510,7.077990532,0.175514221,0.691305459,0.691453099,0.600266993
Malaysia,High,High,2007,,,,,0.843627632,0.084642775,65.160003662,6.238904476,9.866742134,0.162261575,0.799052060,0.719230771,0.871497095
Mauritania,Medium,Medium,2007,,,,,0.572888374,-0.076884784,56.5,4.149043083,8.528328896,0.174228683,0.586450517,0.732085705,0.681909025
Mexico,Medium,High,2007,,,,,0.670430362,-0.100851215,64.680000305,6.525378227,9.831493378,0.248497769,0.746681035,0.753813922,0.878805637
Moldova,Medium,High,2007,,,,,0.696194947,-0.190058872,59.860000610,4.774918079,8.953884125,0.305511504,0.929560363,0.518586636,0.804191709
Mongolia,High,High,2007,,,,,0.781332672,0.058577590,56.540000916,4.609059334,8.827466965,0.203044012,0.917813003,0.483198076,0.881054759
Montenegro,Medium,High,2007,,,,,0.512067258,-0.139492646,65.959999084,5.196315289,9.695746422,0.339850873,0.814567804,0.536068201,0.831840634
Mozambique,Medium,High,2007,,,,,0.643061817,0.067659982,45.240001678,4.832634926,6.840264320,0.240263566,0.854016304,0.626931012,0.747681141
Namibia,High,High,2007,,,,,0.781040490,-0.107107170,51.880001068,4.885587215,9.072697639,0.159755886,0.839217842,0.769055605,0.827623546
Nepal,Medium,High,2007,,,,,0.413320839,0.302675158,59.720001221,4.748284340,7.760577679,0.152297929,0.890811265,0.501775265,0.786707699
Netherlands,High,High,2007,,,,,0.896018088,0.338607341,70.779998779,7.451879501,10.876346588,0.213335603,0.445436567,0.718050301,0.943854094
New Zealand,High,High,2007,,,,,0.878218889,0.271592438,69.739997864,7.604173183,10.561984062,0.237997055,0.294616222,0.803392410,0.966532767
Nicaragua,High,High,2007,,,,,0.835559726,0.135291010,64.400001526,4.944090843,8.430828094,0.287482113,0.825798512,0.786737442,0.866213024
Niger,Medium,High,2007,,,,,0.584067166,-0.059760135,50.580001831,4.277402401,6.867029667,0.158482313,0.747563601,0.722617865,0.725712836
Nigeria,Medium,High,2007,,,,,0.635073245,0.132043466,50.540000916,4.890419483,8.350374222,0.141402930,0.918391883,0.814729750,0.717703819
North Macedonia,Medium,High,2007,,,,,0.439399779,0.072807163,64.660003662,4.493598461,9.434422493,0.251122892,0.869545937,0.558355927,0.810537934
Pakistan,Low,Medium,2007,,,,,0.395642221,0.081128798,53.720001221,5.671460629,8.314320564,0.310367256,0.793795407,0.583407879,0.478887379
Panama,Medium,High,2007,,,,,0.640218794,0.074337251,67.019996643,6.894139767,9.900963783,0.149341464,0.915287375,0.788677633,0.937078059
Paraguay,Medium,High,2007,,,,,0.698987842,0.121403277,64.959999084,5.272461414,9.196781158,0.218698904,0.929890692,0.811656475,0.862656415
Peru,Medium,High,2007,,,,,0.638496518,-0.082430333,66.720001221,5.213962078,9.053523064,0.361295253,0.930640996,0.730208516,0.756369531
Philippines,High,High,2007,,,,,0.851566434,-0.026839899,61.419998169,5.073562145,8.606146812,0.378187776,0.880245566,0.736458659,0.800711393
Poland,High,High,2007,,,,,0.772223353,-0.052745383,66.559997559,5.886137486,9.972894669,0.237598762,0.925285518,0.665473282,0.912639678
Romania,Medium,High,2007,,,,,0.685747743,-0.194144905,64.860000610,5.393723965,9.900671005,0.276626080,0.948706627,0.575024009,0.736480415
Russia,Medium,High,2007,,,,,0.592569709,-0.289350092,59.180000305,5.222867489,10.071002960,0.192846358,0.933464110,0.545877993,0.884656370
Saudi Arabia,Medium,High,2007,,,,,0.622070193,0.001660243,61.599998474,7.266694069,10.646012306,0.231547430,,0.718202651,0.891524911
Senegal,Medium,High,2007,,,,,0.698005259,-0.009352874,55.799999237,4.679986954,7.931477547,0.198741958,0.826684237,0.718160093,0.718461037
Serbia,Medium,High,2007,,,,,0.452781171,-0.171246618,65.279998779,4.750383854,9.535774231,0.334419727,0.904949665,0.527803481,0.844413042
Sierra Leone,High,Medium,2007,,,,,0.720373392,0.243465617,46.659999847,3.585127354,7.176826477,0.289841563,0.830482900,0.634748876,0.686470926
Singapore,High,High,2007,,,,,0.866892278,0.287092686,71.760002136,6.833754539,11.212694168,0.114406586,0.063614883,0.587673724,0.920632064
South Africa,Medium,High,2007,,,,,0.689987540,-0.168569118,46.900001526,5.204454422,9.497470856,0.210185051,0.858651042,0.658233047,0.788307607
South Korea,Medium,High,2007,,,,,0.655827999,-0.065127350,70.239997864,5.767275810,10.359960556,0.226402089,0.802753150,0.611897051,0.826712310
Spain,High,High,2007,,,,,0.782082140,-0.099265955,70.639999390,6.994614601,10.584558487,0.263592541,0.783717752,0.717415452,0.956858516
Sri Lanka,High,High,2007,,,,,0.735852897,0.102791168,62.759998322,4.414805412,8.992175102,0.219856173,0.846718311,0.590271056,0.838327467
State of Palestine,Low,High,2007,,,,,0.365296155,-0.082836032,,4.151053905,8.180532455,0.412327886,0.844180405,0.515242279,0.711818635
Sweden,High,High,2007,,,,,0.909961820,0.141388595,71.080001831,7.241362572,10.790501595,0.177412212,0.289332151,0.735470712,0.916559398
TÃ¼rkiye,Medium,High,2007,,,,,0.459311515,-0.183212668,66.419998169,5.623471737,9.891304970,0.395127177,0.799733341,0.592484176,0.792272806
Tajikistan,High,High,2007,,,,,0.818355024,-0.007398445,60.599998474,4.431608677,7.647689819,0.133113757,0.658519804,0.619465351,0.726655126
Tanzania,High,High,2007,,,,,0.715832293,-0.016041825,51.419998169,4.317949772,7.496548653,0.219852954,0.706752419,0.702123582,0.707851589
Thailand,High,High,2007,,,,,0.870159268,0.386057884,66.559997559,5.783891201,9.497788429,0.180010006,0.897752762,0.783649325,0.888634205
Uganda,High,High,2007,,,,,0.707960546,-0.006027573,49.580001831,4.455838680,7.421669006,0.227878153,0.880528808,0.670486212,0.844879091
Ukraine,Medium,High,2007,,,,,0.493922472,-0.249144539,61.240001678,5.252181530,9.498954773,0.207651809,0.967939556,0.558919847,0.820094347
United Kingdom,High,High,2007,,,,,0.838331640,0.330680549,69.220001221,6.801930904,10.693000793,0.241052061,0.498093426,0.686200142,0.969869673
United States,High,High,2007,,,,,0.871903777,0.191134915,66.760002136,7.512687683,10.931062698,0.231679291,0.633035123,0.755915344,
Uruguay,High,High,2007,,,,,0.786248624,-0.177656695,66.860000610,5.693945885,9.701532364,0.273572266,0.614029229,0.709920585,0.874576509
Vietnam,High,High,2007,,,,,0.917835951,0.068220615,64.260002136,5.421687603,8.613061905,0.205932111,0.753933966,,0.856022894
Yemen,Medium,High,2007,,,,,0.672685325,0.005911658,58.720001221,4.477132797,8.211858749,0.378784448,,0.523651838,0.824968934
Zambia,Medium,Medium,2007,,,,,0.682005048,-0.072705582,47.419998169,3.998293161,7.878924847,0.245637134,0.947914422,0.652708650,0.687989235
Zimbabwe,Medium,High,2007,,,,,0.455957234,-0.069040962,41.599998474,3.280246735,7.412636757,0.264988512,0.946287155,0.588695168,0.828113437
Japan,High,High,2008,,,,,0.772070050,-0.142415464,72.760002136,5.910679340,10.565690994,0.190774098,0.816475332,0.704691589,0.887304068
Jordan,High,High,2008,,,,,,-0.133646652,66.339996338,4.930058002,9.353609085,0.331201166,0.709403396,0.655700445,0.766224205
Kazakhstan,High,High,2008,,,,,0.726583660,-0.226131931,59.200000763,5.886419773,9.891931534,0.159725860,0.899163663,0.613463759,0.839467227
Kenya,Medium,High,2008,,,,,0.620295763,-0.025506899,52.459999084,4.015274525,8.173460960,0.148996606,0.909446537,0.733151376,0.826555252
Kosovo,High,High,2008,,,,,,0.093759879,,5.521659851,8.858290672,0.317827791,0.849059165,0.499645740,0.883842647
Kyrgyzstan,High,High,2008,,,,,0.719029367,-0.105034523,60.759998322,4.736588001,8.328985214,0.146871641,0.922627032,0.593905568,0.792132616
Laos,High,High,2008,,,,,0.886213899,0.411955476,56.639999390,5.044098854,8.350902557,0.201754972,0.637409329,0.727874935,0.807086229
Latvia,Medium,High,2008,,,,,0.630111456,-0.209763870,63.700000763,5.145375252,10.122609138,0.214901268,0.926328242,0.632725835,0.855418265
Lebanon,Medium,High,2008,,,,,0.524062514,0.031155434,65.279998779,4.594851017,9.711268425,0.365417570,0.926725864,0.475367010,0.717357397
Liberia,High,Medium,2008,,,,,0.724082768,-0.038344655,51.939998627,4.221354008,7.207139969,0.261133134,0.839667678,0.629001737,0.618692517
Lithuania,Medium,High,2008,,,,,0.621060073,-0.265065968,63.900001526,5.553925991,10.195592880,0.275795698,0.960843027,0.501196086,0.913667440
Madagascar,Low,High,2008,,,,,0.332436115,-0.102579169,54.619998932,4.640079021,7.413260937,0.214525178,0.773066521,0.582536519,0.775688589
Malaysia,High,High,2008,,,,,0.779565990,0.039717209,65.239997864,5.806781769,9.893046379,0.185744986,0.883765519,0.727531135,0.802811384
Mali,Medium,High,2008,,,,,0.494840056,-0.014989537,50.619998932,4.114664078,7.576493740,0.164490670,0.917589664,0.717300117,0.746600628
Mauritania,Medium,Medium,2008,,,,,0.593264878,-0.023257101,56.799999237,4.248075008,8.500013351,0.176086441,0.840947509,0.747175515,0.670252621
Mexico,Medium,High,2008,,,,,0.677477300,-0.133977219,64.819999695,6.829036236,9.830188751,0.201175302,0.784897923,0.774335682,0.876327813
Moldova,Medium,High,2008,,,,,0.640617132,-0.060127281,60.240001678,5.502756119,9.030895233,0.283589244,0.925663769,0.565447807,0.871552587
Mongolia,Medium,High,2008,,,,,0.484081417,0.062446870,56.959999084,4.493010044,8.901948929,0.173452139,0.961714268,0.513793230,0.920115948
Mozambique,Medium,High,2008,,,,,0.514437497,-0.000499533,45.659999847,4.653583050,6.884682178,0.279546410,0.864334643,0.611057937,0.755582809
Nepal,Medium,High,2008,,,,,0.617604792,0.276357174,59.779998779,4.440526485,7.813568115,0.153098494,0.900028765,0.589481413,0.817657650
Netherlands,High,High,2008,,,,,0.883287251,0.359455019,70.819999695,7.631011963,10.893925667,0.181690425,0.418940485,0.679150820,0.944202244
New Zealand,High,High,2008,,,,,0.893072486,0.290775210,69.760002136,7.381170750,10.541316032,0.231880650,0.333750874,0.784192085,0.944274664
Nicaragua,High,High,2008,,,,,0.790831089,0.070441127,64.5,5.103827477,8.450397491,0.289344728,0.818949223,0.770376146,0.857186258
Niger,Medium,Medium,2008,,,,,0.648728073,-0.058741428,51.020000458,4.235657215,6.904775143,0.193882480,0.748752594,0.689175248,0.606638670
Nigeria,Medium,High,2008,,,,,0.584221542,0.114720806,50.860000610,4.938560486,8.388632774,0.244094297,0.891890109,0.755055308,0.779640496
Norway,High,High,2008,,,,,0.947288871,0.009910869,69.800003052,7.632287502,11.066423416,0.155095205,0.502776325,0.763017952,0.935878932
Pakistan,Low,Low,2008,,,,,0.335223645,0.092336684,53.979999542,4.413918972,8.309402466,0.320658326,0.847682595,0.532505095,0.372907877
Panama,High,High,2008,,,,,0.707384586,0.050934236,67.180000305,6.930903435,9.976579666,0.150143132,0.880650520,0.776062965,0.922481298
Paraguay,Medium,High,2008,,,,,0.649068773,0.045651037,65.040000916,5.570061684,9.249930382,0.259037822,0.891085148,0.797779143,0.889281452
Peru,Medium,High,2008,,,,,0.637672365,-0.072003379,66.980003357,5.129230976,9.133691788,0.353949875,0.896439850,0.701445818,0.777106822
Philippines,High,High,2008,,,,,0.860842586,0.077666335,61.479999542,4.589065075,8.629970551,0.384014696,0.816584587,0.773812234,0.798442245
Portugal,Medium,High,2008,,,,,0.646464109,-0.223316506,68.819999695,5.716966629,10.383067131,0.309280723,0.932685852,0.666879535,0.885925412
Russia,Medium,High,2008,,,,,0.642778277,-0.310636044,59.619998932,5.618753910,10.122135162,0.165901884,0.924090385,0.570209742,0.882316172
Rwanda,High,Medium,2008,,,,,0.752293468,0.014289710,54.700000763,4.362988949,7.212945461,0.220767915,0.286407232,0.632626414,0.485680968
Saudi Arabia,Medium,High,2008,,,,,0.531811953,-0.024159430,61.799999237,6.811370373,10.668095589,0.201822907,0.507919014,0.606720626,0.823053539
Senegal,Medium,High,2008,,,,,0.611876190,-0.037321724,56.099998474,4.683499813,7.941464901,0.252161235,0.879247844,0.668862700,0.756298721
Sierra Leone,High,Medium,2008,,,,,0.716396332,0.143840015,47.040000916,2.997251034,7.204538345,0.369601429,0.924901426,0.587814867,0.590737224
Singapore,Medium,High,2008,,,,,0.660659015,0.039527982,71.940002441,6.641956806,11.177941322,0.256086707,0.065775275,0.626604080,0.845258594
South Africa,High,High,2008,,,,,0.748846471,-0.106410258,47.799999237,5.346306801,9.517552376,0.206242844,0.865791023,0.712142289,0.809542179
South Korea,Medium,High,2008,,,,,0.523678780,-0.108060695,70.459999084,5.389624596,10.382052422,0.239057273,0.770959556,0.553983271,0.753609836
Spain,High,High,2008,,,,,0.833786070,-0.155407771,70.760002136,7.294472694,10.577436447,0.259690791,0.683210194,0.649402082,0.948270500
Sri Lanka,High,High,2008,,,,,0.833835602,0.155735835,63.240001678,4.430846214,9.039716721,0.152587533,0.861397326,0.655605435,0.815702736
State of Palestine,Low,Medium,2008,,,,,0.357756525,-0.075181343,,4.385603428,8.275285721,0.403282553,0.753213048,0.512986898,0.665910721
Sweden,High,High,2008,,,,,0.911609292,0.120280422,71.120002747,7.515997410,10.778195381,0.134403035,0.313961208,0.762800634,0.923092127
Syria,Medium,High,2008,,,,,0.660753250,0.115817241,68.620002747,5.323332310,8.657538414,0.338427007,0.680203855,0.562246561,0.712369621
TÃ¼rkiye,Medium,Medium,2008,,,,,0.415497869,-0.193755090,66.580001831,5.118231773,9.887406349,0.345338136,0.785390556,0.510493875,0.644873619
Taiwan Province of China,Medium,High,2008,,,,,0.641715348,-0.022306930,69.139999390,5.547682285,10.600387573,0.169156894,0.784831822,0.682018161,0.830004990
Tajikistan,High,High,2008,,,,,0.815954745,0.009649895,60.700000763,5.063986778,7.704949379,0.160435960,0.723376989,0.487898767,0.700900733
Tanzania,Medium,High,2008,,,,,0.562211752,0.252538621,52.080001831,4.384741783,7.524610996,0.178047031,0.930031776,0.739763379,0.774360120
Thailand,High,High,2008,,,,,0.867833734,0.420749575,66.739997864,5.636471272,9.507421494,0.145058736,0.933372617,0.777418733,0.831711292
Togo,Low,Low,2008,,,,,0.286814392,-0.078187957,51.119998932,2.807855129,7.312003613,0.378714591,0.931986213,0.397701234,0.291333675
Trinidad and Tobago,High,High,2008,,,,,0.838140428,0.084597684,62.540000916,6.696444035,10.240419388,0.183789805,0.958828151,0.802126884,0.858300388
Uganda,Medium,High,2008,,,,,0.577933729,-0.060209371,50.419998169,4.568619251,7.475902081,0.239572912,0.848458529,0.623278558,0.812828124
Ukraine,Medium,High,2008,,,,,0.486626983,-0.273148298,61.560001373,5.172380447,9.526556969,0.185805932,0.929175198,0.544517279,0.860013783
United Kingdom,High,High,2008,,,,,0.759144187,0.325465113,69.279998779,6.986463547,10.683586121,0.218296558,0.547769129,0.723952413,0.953838587
United States,High,High,2008,,,,,0.877956271,0.248560831,66.739997864,7.280385971,10.922825813,0.226823047,0.668495476,0.774229228,0.952587247
Uruguay,High,High,2008,,,,,0.807930231,-0.155576497,66.940002441,5.663869858,9.768592834,0.264005780,0.596766949,0.684607685,0.879113853
Uzbekistan,High,High,2008,,,,,0.831268847,-0.032906178,61.819999695,5.311368465,8.402387619,0.186682403,,0.647092998,0.894025862
Venezuela,Medium,High,2008,,,,,0.678400517,-0.232035026,65.379997253,6.257771492,9.719097137,0.224190742,0.776102602,0.818030298,0.922433853
Vietnam,High,High,2008,,,,,0.888624668,0.179591149,64.339996338,5.480425358,8.658331871,0.217537612,0.789237559,0.623606741,0.804560363
Zambia,High,Medium,2008,,,,,0.716993749,0.050562780,48.080001831,4.730263233,7.918079376,0.205723315,0.890299320,0.706577241,0.624418199
Zimbabwe,Low,High,2008,,,,,0.343556046,-0.076714717,42.799999237,3.174263716,7.210232735,0.250060171,0.963846326,0.570537865,0.843474507
Ivory Coast,High,Medium,2009,,,,,0.759862185,-0.156587139,48.900001526,4.197181702,8.181071281,0.186183736,0.902262032,0.554681003,0.667008698
Japan,High,High,2009,,,,,0.729888022,-0.217029005,72.879997253,5.844999313,10.507198334,0.169477880,0.740108192,0.712758899,0.888356864
Jordan,High,High,2009,,,,,0.770953655,-0.083316624,66.519996643,5.999859333,9.380613327,0.264640778,0.739464462,0.587277114,0.899033546
Kazakhstan,High,High,2009,,,,,0.856448293,-0.255246282,59.799999237,5.382563114,9.884036064,0.128599972,0.844568431,0.594705462,0.892997801
Kenya,Medium,High,2009,,,,,0.583594739,0.085895598,52.979999542,4.270434856,8.176388741,0.182591587,0.912946522,0.678682506,0.789220333
Kosovo,Medium,High,2009,,,,,0.506415069,0.202801853,,5.891432762,8.899381638,0.168829754,0.967838585,0.527557135,0.830426514
Kuwait,High,High,2009,,,,,0.818781018,-4.709895165e-06,69,6.585246086,11.073936462,0.251759946,0.675121784,0.694339871,0.926411927
Kyrgyzstan,Medium,High,2009,,,,,0.698919952,-0.145136982,61.180000305,5.069053650,8.345366478,0.164816961,0.896227479,0.553670108,0.854935646
Latvia,Medium,High,2009,,,,,0.437064558,-0.186858743,64,4.668910503,9.985266685,0.242196754,0.942090392,0.536985397,0.806939304
Lebanon,Medium,High,2009,,,,,0.664733827,0.067436725,65.339996338,5.205998898,9.795774460,0.401288748,0.937024593,0.471758723,0.736411929
Lithuania,Medium,High,2009,,,,,0.495955795,-0.308756173,64.099998474,5.466920853,10.046073914,0.270837814,0.978800118,0.525221646,0.932608962
Luxembourg,High,High,2009,,,,,0.939101696,0.115967147,70.300003052,6.957920074,11.628306389,0.238021523,0.431606978,0.713410318,0.938559353
Malawi,High,High,2009,,,,,0.879161239,0.146983579,48.540000916,5.148239613,7.173773289,0.130396396,0.688926280,0.694449782,0.718450010
Malaysia,High,High,2009,,,,,0.874319792,-0.013195826,65.319999695,5.384701729,9.858006477,0.163549751,0.858095229,0.740035117,0.791666389
Mali,Medium,High,2009,,,,,0.633815944,0.005445298,50.959999084,3.976598501,7.590881824,0.149751499,0.819207728,0.728791058,0.732557058
Malta,High,High,2009,,,,,0.803179801,0.456184208,70.220001221,6.327639580,10.352514267,0.357874334,,0.625680208,0.915772140
Mauritania,High,High,2009,,,,,0.735071182,0.033849187,57.099998474,4.500431538,8.473753929,0.169828594,0.848293781,0.717251658,0.819333792
Mexico,Medium,High,2009,,,,,0.682463408,-0.082438864,64.959999084,6.962819099,9.763516426,0.196070760,0.764225543,0.763129532,0.868220747
Moldova,Medium,High,2009,,,,,0.550858617,-0.103173181,60.619998932,5.554374218,8.970282555,0.306487501,0.925061643,0.538923979,0.855883062
Montenegro,Medium,High,2009,,,,,0.556365550,-0.107207306,66.120002747,4.801060200,9.701867104,0.422739923,0.838485658,0.533456802,0.815984190
Nepal,Medium,High,2009,,,,,0.616153777,0.029189972,59.840000153,4.916868210,7.852507114,0.215433761,0.949701965,0.484039843,0.813067853
Nicaragua,High,High,2009,,,,,0.746065021,0.065266885,64.599998474,5.352804661,8.402438164,0.299064666,0.794486761,0.739845395,0.834688067
Niger,High,High,2009,,,,,0.880042136,-0.012671099,51.459999084,4.267169952,6.887199402,0.115248479,0.483152986,0.714190245,0.771265149
Nigeria,Medium,High,2009,,,,,0.536721110,0.063215777,51.180000305,4.980220318,8.438661575,0.225123048,0.913195729,0.730262756,0.722081780
North Macedonia,Medium,High,2009,,,,,0.552173734,-0.048855849,64.819999695,4.428021908,9.480631828,0.370053828,0.843915761,0.487668097,0.734430969
Pakistan,Low,Medium,2009,,,,,0.387697667,0.069063842,54.240001678,5.208146572,8.315033913,0.348705649,0.873649061,0.515629292,0.521746695
Panama,High,High,2009,,,,,0.721393645,0.005695687,67.339996338,7.033740044,9.970768929,0.144200027,0.889423907,0.839467406,0.905028522
Paraguay,High,High,2009,,,,,0.717870176,0.016150666,65.120002747,5.576147079,9.237194061,0.186126411,0.857340276,0.803005695,0.900353849
Peru,Medium,High,2009,,,,,0.638375103,-0.084139764,67.239997864,5.518846989,9.137562752,0.320298076,0.880333722,0.757985055,0.798696280
Philippines,High,High,2009,,,,,0.873605490,-0.001253873,61.540000916,4.879910946,8.625949860,0.311330199,0.804578125,0.791430533,0.775170922
Poland,High,High,2009,,,,,0.820649087,0.067779124,66.919998169,5.772027493,10.041151047,0.245965257,0.897762001,0.649224102,0.916798174
Qatar,High,High,2009,,,,,0.864991903,0.230171159,64.360000610,6.417824268,11.434426308,0.258084506,0.183798134,0.672899783,0.894493103
Romania,Medium,High,2009,,,,,0.605827630,-0.202637553,65.220001221,5.367565155,9.957905769,0.270051271,0.966794610,0.544521034,0.812449574
Russia,Medium,High,2009,,,,,0.617115140,-0.288981795,60.060001373,5.158227921,10.040623665,0.168979272,0.953601718,0.539513230,0.908075571
Rwanda,High,Medium,2009,,,,,0.765569031,-0.003856095,55.299999237,4.029761791,7.247148037,0.112361915,0.409702867,0.658405483,0.559390426
Saudi Arabia,Medium,High,2009,,,,,0.639405668,-0.111371763,62,6.147590160,10.609858513,0.319474906,0.445131570,0.682754934,0.921288133
Senegal,Medium,High,2009,,,,,0.556838155,-0.043756273,56.400001526,4.335114002,7.941846371,0.227579623,0.918035448,0.708374262,0.810355306
Serbia,Low,High,2009,,,,,0.372881293,-0.183570519,65.559997559,4.380311966,9.571357727,0.435473621,0.960977912,0.465632796,0.770126104
Singapore,High,High,2009,,,,,0.776381850,-0.081117377,72.120002747,6.144676685,11.149061203,0.207548290,0.035197988,0.450021595,0.866255283
Slovenia,High,High,2009,,,,,0.895956635,-0.024547465,69.040000916,5.830160618,10.405844688,0.303117454,0.803634167,0.583327055,0.918696642
Somaliland region,High,High,2009,,,,,0.746303976,,,4.991399765,,0.112012178,0.513371766,0.707873523,0.879566729
South Africa,High,High,2009,,,,,0.739409983,-0.164926410,48.700000763,5.218430996,9.490159035,0.230895981,0.904342353,0.655523777,0.877359450
South Korea,Medium,High,2009,,,,,0.600165665,-0.101789176,70.680000305,5.647689819,10.384800911,0.208521008,0.787497342,0.595678627,0.810902715
Spain,High,High,2009,,,,,0.748514712,-0.133164123,70.879997253,6.198601246,10.530221939,0.335877061,0.797704637,0.645007908,0.929453850
Sri Lanka,High,High,2009,,,,,0.798871219,0.299380153,63.720001221,4.212026596,9.064838409,0.172400951,0.689926445,0.660928369,0.829611897
State of Palestine,Medium,High,2009,,,,,0.467811942,-0.091212265,,4.470191479,8.336611748,0.466428250,0.797354221,0.473767519,0.738076687
Sudan,High,High,2009,,,,,0.709978640,0.046408799,57.459999084,4.454917431,8.456879616,0.244927168,0.701229393,0.687828958,0.911406994
Sweden,High,High,2009,,,,,0.864004612,0.215578526,71.160003662,7.265977383,10.725308418,0.151362836,0.292112172,0.761239767,0.902532995
Switzerland,High,High,2009,,,,,0.891277194,0.118213557,71.339996338,7.524520874,11.064666748,0.201584592,0.342427015,0.740781784,0.938339293
Syria,High,High,2009,,,,,0.748258770,0.076074749,66.860000610,4.978970528,8.656476021,0.292455465,0.687760472,0.490969032,0.842402101
TÃ¼rkiye,Medium,High,2009,,,,,0.455817074,-0.231959686,66.739997864,5.212841511,9.825364113,0.316301852,0.852887154,0.454365164,0.754645526
Tajikistan,High,Medium,2009,,,,,0.743786514,-0.007423322,60.799999237,4.575174809,7.723743439,0.203190178,0.791703999,0.474870116,0.675653040
Tanzania,Medium,High,2009,,,,,0.606549144,0.304801613,52.740001678,3.407507896,7.550973415,0.160527438,0.902627051,0.733148217,0.836828411
Thailand,High,High,2009,,,,,0.868223727,0.520332873,66.919998169,5.475645065,9.493308067,0.166086391,0.903822482,0.808281600,0.893245280
Tunisia,High,High,2009,,,,,0.781496286,-0.127030462,66.220001221,5.025470257,9.237955093,,0.722210646,,
Turkmenistan,High,High,2009,,,,,,-0.104743823,59.779998779,6.567713261,8.955208778,0.151583612,,0.695308208,0.923845649
Uganda,High,High,2009,,,,,0.760231495,-0.042973749,51.259998322,4.611985683,7.512547493,0.296115577,0.840422809,0.594162881,0.852087021
Ukraine,Medium,High,2009,,,,,0.460348487,-0.249470353,61.880001068,5.165639400,9.366869926,0.189013854,0.962244451,0.544606388,0.845293224
United Arab Emirates,High,High,2009,,,,,0.848821878,0.014524376,65.040000916,6.866062641,10.952467918,0.287074417,0.338876456,0.718198836,0.885089338
United Kingdom,High,High,2009,,,,,0.816228807,0.336010993,69.339996338,6.906547070,10.629868507,0.231028661,0.558927298,0.739177883,0.964428782
United States,High,High,2009,,,,,0.830683827,0.194568038,66.720001221,7.158032417,10.887716293,0.261661500,0.665393829,0.752766430,0.911793768
Uruguay,High,High,2009,,,,,0.825049460,-0.131027177,67.019996643,6.296222687,9.807747841,0.254544437,0.543947875,0.722020388,0.923861444
Uzbekistan,High,High,2009,,,,,,0.003302759,62.060001373,5.260720730,8.462946892,0.158656552,0.610257804,0.646040261,0.904677987
Venezuela,Medium,High,2009,,,,,0.676885664,-0.123816140,65.339996338,7.188803196,9.567276001,0.180226415,0.827593684,0.792498291,0.944540977
Vietnam,High,High,2009,,,,,0.834133863,-0.082831196,64.419998169,5.304264545,8.700611115,0.189930111,0.837869763,0.480906844,0.815026462
Yemen,Medium,High,2009,,,,,0.644228697,-0.055550225,58.639999390,4.809258938,8.250217438,0.374159932,0.832427204,0.510788321,0.756429732
Zambia,Medium,High,2009,,,,,0.696183026,-0.100605555,48.740001678,5.260360718,7.970727921,0.122658856,0.916553378,0.693196416,0.781925559
Zimbabwe,Medium,High,2009,,,,,0.411089182,-0.064868979,44,4.055914402,7.313473701,0.218418732,0.930817783,0.660172701,0.805780947
Japan,High,High,2010,,,,,0.771722376,-0.147305503,73,6.056752682,10.547181129,0.187703073,0.769557059,0.779219270,0.901924908
Jordan,High,High,2010,,,,,0.788073123,-0.056642555,66.699996948,5.569942474,9.381506920,0.343418747,,0.564373434,0.917988896
Kazakhstan,High,High,2010,,,,,0.784851849,-0.220891923,60.400001526,5.514286518,9.940361977,0.148950696,0.822703660,0.655472875,0.903786480
Kenya,Medium,High,2010,,,,,0.635457218,0.005158850,53.5,4.255859375,8.225715637,0.123201780,0.917921245,0.758244038,0.805326462
Kosovo,Medium,High,2010,,,,,0.451443791,0.170864165,,5.176601410,8.939566612,0.117717423,0.967271745,0.672982872,0.707958877
Kuwait,High,High,2010,,,,,0.703019738,-0.038684491,69.199996948,6.798151016,10.998427391,0.203395993,0.486111403,0.686744034,0.892722309
Kyrgyzstan,High,High,2010,,,,,0.720051169,-0.076917745,61.599998474,4.996410847,8.328711510,0.123462550,0.925793588,0.516307354,0.885362923
Lebanon,Medium,High,2010,,,,,0.677638710,0.068218276,65.400001526,5.031899452,9.863524437,0.341205537,0.949062884,0.457453609,0.721424758
Liberia,High,High,2010,,,,,0.819005370,-0.043179851,52.099998474,4.196063042,7.257479191,0.216883108,0.818429530,0.548855722,0.827098727
Lithuania,Medium,High,2010,,,,,0.519352257,-0.280562818,64.300003052,5.065824986,10.083421707,0.272029310,0.962167203,0.462606311,0.881810606
Luxembourg,High,High,2010,,,,,0.908303082,0.085595392,70.5,7.097251892,11.646966934,0.216064394,0.423341334,0.717743278,0.952371716
Malaysia,High,High,2010,,,,,0.769190669,0.027899755,65.400001526,5.580281734,9.912044525,0.191947669,0.843691051,0.752467334,0.839095771
Mali,High,High,2010,,,,,0.749049723,-0.030749515,51.299999237,3.762305021,7.610160351,0.161666170,0.810591161,0.764216900,0.750922263
Malta,High,High,2010,,,,,0.802044392,0.277993590,70.400001526,5.773874760,10.401556015,0.375302672,,0.623710990,0.908321500
Mauritania,Medium,High,2010,,,,,0.668930590,0.049623881,57.400001526,4.772306919,8.470888138,0.128675625,0.727364480,0.737156510,0.856507838
Mexico,High,High,2010,,,,,0.778120756,-0.055010278,65.099998474,6.802388668,9.800165176,0.215494677,0.692891896,0.745259702,0.876389682
Moldova,Medium,High,2010,,,,,0.598484814,-0.092870347,61,5.589736462,9.039873123,0.277520359,0.929309428,0.564043164,0.847094715
Mongolia,Medium,High,2010,,,,,0.630966604,0.093448654,57.799999237,4.585523605,8.925166130,0.150025174,0.927568316,0.559408605,0.904177845
Montenegro,Medium,High,2010,,,,,0.552103698,-0.212194696,66.199996948,5.455030441,9.727010727,0.410302103,0.757207215,0.510351896,0.804549336
Morocco,Medium,High,2010,,,,,0.662900388,-0.173167989,62.5,4.383247375,8.821134567,,0.900453091,,
Nepal,Medium,High,2010,,,,,0.519062638,0.077226713,59.900001526,4.349675179,7.894578457,0.225972995,0.910801888,0.538355172,0.779038072
Netherlands,High,High,2010,,,,,0.921448231,0.343611419,70.900001526,7.501875877,10.859633446,0.206079304,0.398591846,0.745190442,0.956536889
New Zealand,High,High,2010,,,,,0.917752504,0.247454047,69.800003052,7.223756313,10.533640862,0.234758481,0.320748180,0.782820702,0.975642204
Nicaragua,High,High,2010,,,,,0.791773319,0.013320263,64.699996948,5.686699390,8.430959702,0.268023372,0.801728904,0.749126315,0.863151550
Niger,High,Medium,2010,,,,,0.817219734,-0.027304938,51.900001526,4.101016045,6.932192802,0.125837803,0.528980315,0.715030730,0.654964983
Nigeria,Medium,High,2010,,,,,0.565351069,0.062359251,51.5,4.760275841,8.488230705,0.190343410,0.910719037,0.758521974,0.823823035
North Macedonia,Medium,Medium,2010,,,,,0.513183951,-0.065252587,64.900001526,4.180202007,9.511556625,0.313819051,0.856452644,0.472753972,0.686854780
Pakistan,Low,Medium,2010,,,,,0.364205927,0.292383462,54.5,5.786132812,8.308447838,0.371941417,0.851655900,0.526645720,0.571315944
Panama,High,High,2010,,,,,0.754523695,-0.017253883,67.5,7.321467400,10.009517670,0.146368757,0.879825830,0.840976536,0.927533090
Paraguay,High,High,2010,,,,,0.726262391,0.064980596,65.199996948,5.841174126,9.330898285,0.175859466,0.779914618,0.826041460,0.889152765
Peru,High,High,2010,,,,,0.756706417,-0.065504946,67.5,5.612785339,9.210034370,0.330243468,0.880594134,0.744028509,0.811914384
Philippines,High,High,2010,,,,,0.893350542,0.028176164,61.599998474,4.941514015,8.678712845,0.293918312,0.812448382,0.828575552,0.804861128
Poland,High,High,2010,,,,,0.794900477,-0.003321940,67.099998474,5.887029648,10.072931290,0.234237015,0.904697299,0.685517788,0.955065310
Portugal,High,High,2010,,,,,0.721036375,-0.111818857,69.300003052,5.094525814,10.367163658,0.265107363,0.947879434,0.681019306,0.863906741
Qatar,High,High,2010,,,,,,0.095164306,64.699996948,6.849652767,11.551208496,,,,
Romania,Medium,Medium,2010,,,,,0.565536737,-0.091107816,65.400001526,4.909165859,9.924052238,0.344478220,0.973686337,0.539418042,0.689065635
Russia,Medium,High,2010,,,,,0.613159001,-0.301978618,60.5,5.384773254,10.084192276,0.171420962,0.936571956,0.567381263,0.908814192
Saudi Arabia,Medium,High,2010,,,,,0.677777231,-0.033932440,62.200000763,6.307098389,10.626959801,0.297208935,,0.645319223,0.879598320
Senegal,High,High,2010,,,,,0.777262628,-0.084676474,56.700000763,4.372156143,7.948086262,0.142737702,0.850534856,0.669947743,0.760294080
Serbia,Medium,High,2010,,,,,0.462647259,-0.176155016,65.699996948,4.461304188,9.582661629,0.415409207,0.965472460,0.445710063,0.725563347
Sierra Leone,High,High,2010,,,,,0.726268828,0.007621387,47.799999237,4.133955956,7.245166779,0.290469229,0.910440624,0.497324437,0.811872959
Singapore,High,High,2010,,,,,0.846184611,-0.024227343,72.300003052,6.531401634,11.266920090,0.131343439,0.060282066,0.527337015,0.864162147
Slovakia,Medium,High,2010,,,,,0.635757685,-0.105797686,66.5,6.052223206,10.151535034,0.277206749,0.907136023,0.602989495,0.919640005
Slovenia,High,High,2010,,,,,0.895522416,0.023633245,69.199996948,6.082555294,10.414831161,0.295366138,0.844790697,0.591895521,0.917203367
Somaliland region,High,High,2010,,,,,0.820181906,,,4.657363415,,0.083425760,0.471094489,0.631947339,0.829004526
South Africa,High,High,2010,,,,,0.738905966,-0.213488534,49.599998474,4.652428627,9.508172989,0.123753376,0.790628910,0.698225856,0.917056024
South Korea,Medium,High,2010,,,,,0.676652968,-0.039100353,70.900001526,6.116024494,10.445652008,0.130337119,0.751621127,0.626363039,0.815516651
Spain,High,High,2010,,,,,0.796495557,-0.143822759,71,6.188262463,10.527245522,0.321819484,0.839746296,0.645088673,0.949940383
Sri Lanka,High,High,2010,,,,,0.738208532,0.252004921,64.199996948,3.976905107,9.132903099,0.163471773,0.769477904,0.703510880,0.814367235
State of Palestine,Medium,High,2010,,,,,0.504262269,-0.121087492,,4.702603817,8.362595558,0.381490052,0.752414644,0.552512765,0.821746290
Sudan,Medium,High,2010,,,,,0.648155332,-0.073113501,57.700000763,4.435159683,8.464909554,0.220789164,0.736897171,0.589273751,0.854824424
Sweden,High,High,2010,,,,,0.904699981,0.136419803,71.199996948,7.496018887,10.774600029,0.200112030,0.253086656,0.788177967,0.970242620
Syria,Medium,High,2010,,,,,0.647047997,0.002191700,65.099998474,4.464707851,8.732948303,0.224643707,0.743093967,0.489091724,0.934231639
TÃ¼rkiye,Medium,High,2010,,,,,0.514920354,-0.192064270,66.900001526,5.490347385,9.892935753,0.327065974,0.810895741,0.532230020,0.794905484
Taiwan Province of China,Medium,High,2010,,,,,0.676587284,-0.000566014,69.599998474,6.228530884,10.680940628,0.135867342,0.821364701,0.738164246,0.831412911
Tajikistan,High,High,2010,,,,,0.784495890,0.053608634,60.900001526,4.380636215,7.766415119,0.191733032,0.678527772,0.482640594,0.759163022
Tanzania,Medium,High,2010,,,,,0.597121656,0.135162875,53.400001526,3.229129076,7.586582184,0.146118715,0.866263866,0.666602314,0.812531769
Thailand,High,High,2010,,,,,0.859636426,0.531520367,67.099998474,6.216702938,9.559039116,0.181523174,0.916693389,0.821447611,0.897651255
Tunisia,Medium,High,2010,,,,,0.623592854,-0.143273488,66.300003052,5.130520821,9.257034302,0.248912811,0.732379258,0.696831405,0.863187671
Uganda,High,High,2010,,,,,0.800667286,-0.020445157,52.099998474,4.192882061,7.538239956,0.251241982,0.854991913,0.627986968,0.830155492
Ukraine,Medium,High,2010,,,,,0.483833194,-0.196919963,62.200000763,5.057561398,9.410946846,0.227200434,0.953752279,0.472101361,0.883555114
United Arab Emirates,High,High,2010,,,,,0.877750754,0.050997183,65.099998474,7.097455502,10.908971786,0.233013570,0.355115891,0.700749040,0.911762357
United Kingdom,High,High,2010,,,,,0.841306746,0.397385955,69.400001526,7.029364109,10.646039963,0.176342949,0.586813152,0.753458798,0.955068171
United States,High,High,2010,,,,,0.828044355,0.237741396,66.699996948,7.163616180,10.906147957,0.231052637,0.689582586,0.776060641,0.926158726
Uruguay,High,High,2010,,,,,0.832241356,-0.170833930,67.099998474,6.062010765,9.880350113,0.231179178,0.471376240,0.738478601,0.893039763
Uzbekistan,High,High,2010,,,,,,-0.039931841,62.299999237,5.095342159,8.507943153,0.151882708,0.518720210,0.664852977,0.903226435
Venezuela,High,High,2010,,,,,0.768256962,-0.162844077,65.300003052,7.478454590,9.747844696,0.129685894,0.754268944,0.847399771,0.931575835
Vietnam,High,High,2010,,,,,0.831494451,-0.026698021,64.5,5.295780659,8.752190590,0.215798423,0.742636740,0.670660913,0.786611378
Yemen,Medium,High,2010,,,,,0.659283996,-0.106810108,58.599998474,4.350312710,8.413556099,0.308332771,0.853403211,0.513613045,0.726612389
Zimbabwe,Medium,High,2010,,,,,0.664718211,-0.081170261,45.200000763,4.681569576,7.495286465,0.122149915,0.828360796,0.699366033,0.856637836
Jamaica,High,High,2011,,,,,0.795613527,-0.071254112,66.599998474,5.374446392,9.192560196,0.237158820,0.909116149,0.764462769,0.854584217
Japan,High,High,2011,,,,,0.814396441,-0.058962438,73.120002747,6.262793541,10.549270630,0.181055471,0.733798981,0.713564217,0.916703701
Jordan,High,High,2011,,,,,0.759564519,-0.155129790,66.879997253,5.539327621,9.383052826,0.260324150,,0.550933540,0.877918780
Kazakhstan,High,High,2011,,,,,0.877888083,-0.241200328,61,5.735662937,9.997436523,0.154433981,0.801724195,0.622470558,0.904971361
Kenya,High,High,2011,,,,,0.708659172,0.008963433,54.020000458,4.405310154,8.249103546,0.227972493,0.922664165,0.705513060,0.846307576
Kosovo,Medium,High,2011,,,,,0.588978767,0.003533593,,4.859501839,8.992258072,0.124437660,0.919211984,0.603739738,0.759101570
Kuwait,High,High,2011,,,,,0.768603504,,69.400001526,6.377699375,11.024463654,0.176825136,0.560423911,0.726206720,0.881911993
Kyrgyzstan,High,High,2011,,,,,0.747808456,-0.159874782,62.020000458,4.921049118,8.374398232,0.151315898,0.932496965,0.579320967,0.891404092
Laos,High,Medium,2011,,,,,0.881633818,0.454007357,57.779998779,4.703749657,8.537691116,0.225278497,0.587321937,0.746239841,0.690877795
Latvia,Medium,High,2011,,,,,0.564464450,-0.006409623,64.599998474,4.966811657,10.004119873,0.221713215,0.934255600,0.562926173,0.836042464
Lebanon,Medium,High,2011,,,,,0.657106042,-0.001709644,65.459999084,5.187571526,9.862348557,0.320167035,0.910560846,0.506424606,0.732914627
Lesotho,Medium,High,2011,,,,,0.618259728,-0.092592224,41.520000458,4.897514820,7.785040379,0.170009926,0.767675638,0.754062176,0.824085355
Lithuania,Medium,High,2011,,,,,0.565797269,-0.153628841,64.5,5.432437420,10.164642334,0.274636686,0.963511646,0.555819511,0.911411285
Luxembourg,High,High,2011,,,,,0.961830735,0.096667051,70.699996948,7.101400375,11.635128975,0.200136617,0.388170600,0.743698657,0.934090614
Madagascar,Medium,High,2011,,,,,0.545555592,-0.065020561,55.340000153,4.381415367,7.308839321,0.234825984,0.897100151,0.516020477,0.818402648
Malawi,High,Medium,2011,,,,,0.733463824,0.069757029,50.659999847,3.946062565,7.230845451,0.268474787,0.852994204,0.619638383,0.612736762
Malaysia,High,High,2011,,,,,0.840359092,-0.020707568,65.480003357,5.786367416,9.947519302,0.154874966,0.841504574,0.785432994,0.770422995
Mali,High,High,2011,,,,,0.822847605,-0.103484303,51.639999390,4.666832924,7.609437943,0.131821230,0.726062477,0.751705825,0.795505047
Malta,High,High,2011,,,,,0.881921828,0.287677854,70.580001831,6.154718399,10.401969910,0.339702874,,0.637833834,0.922639728
Mauritania,Medium,High,2011,,,,,0.566920221,0.046541862,57.700000763,4.784804344,8.481584549,0.174862579,0.746937871,0.729369521,0.750276566
Mauritius,High,High,2011,,,,,0.848193765,0.183535457,63.520000458,5.477073193,9.797497749,0.252504826,0.846761405,0.653383791,0.800273180
Mexico,High,High,2011,,,,,0.831368089,-0.106011234,65.239997864,6.909515381,9.821863174,0.227555886,0.697580218,0.700016022,0.824064076
Moldova,Medium,High,2011,,,,,0.628022790,-0.086222336,61.380001068,5.792262554,9.097003937,0.284829497,0.956644356,0.553495347,0.869413555
Mongolia,High,High,2011,,,,,0.700345695,0.144851491,58.220001221,5.031173706,9.069442749,0.153232589,0.931158841,0.560553193,0.947885275
Montenegro,Medium,High,2011,,,,,0.546081364,-0.231893510,66.279998779,5.223116875,9.757734299,0.378120005,0.762383521,0.509750843,0.817631543
Morocco,Medium,High,2011,,,,,0.578930736,-0.229121581,62.659999847,5.084972858,8.861169815,0.187148750,0.875224829,0.687321603,0.833385289
Mozambique,Medium,High,2011,,,,,0.639206827,-0.030353591,46.919998169,4.971111774,6.996473789,0.243416056,0.718758941,0.565073431,0.817624569
Nepal,Medium,High,2011,,,,,0.524797678,-0.023915049,59.959999084,3.809444666,7.924372196,0.207358956,0.934563756,0.530136704,0.740979373
Netherlands,High,High,2011,,,,,0.925431550,0.329930574,70.940002441,7.563797951,10.870361328,0.181386188,0.359395891,0.770457447,0.938396096
New Zealand,High,High,2011,,,,,0.934768736,0.277503967,69.819999695,7.190638065,10.547988892,0.210149646,0.269330204,0.783698440,0.953649879
Nicaragua,High,High,2011,,,,,0.778591037,-0.024439771,64.800003052,5.385705471,8.477500916,0.309018821,0.760242522,0.747022092,0.800305128
Niger,High,High,2011,,,,,0.779515266,-0.059707608,52.340000153,4.555829525,6.918029308,0.166154444,0.549093366,0.709998012,0.817660689
North Macedonia,Medium,High,2011,,,,,0.607463241,-0.093965769,64.980003357,4.898180008,9.532967567,0.362750620,0.865062475,0.503090858,0.784300089
Oman,High,High,2011,,,,,0.916293025,0.007792237,62.340000153,6.852982044,10.538619995,0.295164108,,,
Pakistan,Low,Medium,2011,,,,,0.375822634,0.021646133,54.759998322,5.267186165,8.314452171,0.357800812,0.857177615,0.472562015,0.509884119
Panama,High,High,2011,,,,,0.829012871,0.000245908,67.660003662,7.248080730,10.098904610,0.179641321,0.839684486,0.852716744,0.876284182
Paraguay,Medium,High,2011,,,,,0.665864289,0.179224774,65.279998779,5.677080631,9.359894753,0.190262824,0.755997002,0.823038757,0.869149685
Peru,High,High,2011,,,,,0.772759497,-0.128400072,67.760002136,5.892457485,9.262930870,0.330921263,0.823664963,0.742466450,0.756304562
Philippines,High,High,2011,,,,,0.882837474,0.067710191,61.659999847,4.993956566,8.698753357,0.358326375,0.782946467,0.807783842,0.788763285
Poland,High,High,2011,,,,,0.868148923,-0.071888864,67.279998779,5.646204948,10.121584892,0.223810226,0.907953143,0.658624232,0.904578626
Portugal,High,High,2011,,,,,0.875092566,-0.178885728,69.540000916,5.219997883,10.351527214,0.279200882,0.961977124,0.670632899,0.855960667
Qatar,High,High,2011,,,,,0.904687464,0.000245181,65.040000916,6.591604233,11.625180244,0.327789903,,0.660717309,0.857350588
Romania,Medium,High,2011,,,,,0.650402188,-0.147937521,65.580001831,5.022757530,9.973151207,0.294461548,0.964042604,0.500530779,0.752606809
Russia,Medium,High,2011,,,,,0.625847578,-0.284455717,60.939998627,5.388766289,10.125514030,0.165234953,0.935130417,0.564264834,0.883416891
Rwanda,High,Medium,2011,,,,,0.829036176,-0.041766357,56.5,4.097435951,7.342778683,0.154241934,0.161474660,0.607516348,0.569859505
Saudi Arabia,Medium,High,2011,,,,,0.603455663,-0.144252256,62.400001526,6.699789524,10.706447601,0.240139723,,0.698994219,0.829633653
Senegal,Medium,Medium,2011,,,,,0.640890300,-0.167802393,57,3.834201574,7.934118271,0.180026993,0.869893968,0.696441174,0.602409363
Serbia,Medium,High,2011,,,,,0.440458298,-0.190804705,65.839996338,4.815186501,9.610714912,0.410254955,0.976917386,0.458074152,0.773210645
Sierra Leone,High,High,2011,,,,,0.769738138,0.000679906,48.180000305,4.501643658,7.276599884,0.299527586,0.854646623,0.494734854,0.781580985
Singapore,High,High,2011,,,,,0.821816325,-0.154827029,72.480003357,6.561041832,11.306365013,0.143628925,0.098924451,0.403699249,0.904473901
Slovakia,High,High,2011,,,,,0.727163136,0.005562058,66.720001221,5.945048332,10.176609993,0.287409574,0.907132328,0.588251173,0.917293429
Slovenia,High,High,2011,,,,,0.907440901,-0.030723101,69.360000610,6.035964012,10.421330452,0.285320938,0.893133819,0.587408543,0.931166053
Somaliland region,High,High,2011,,,,,0.858104467,,,4.930571556,,0.122244202,0.357340902,0.690513849,0.787961662
South Africa,High,High,2011,,,,,0.835448027,-0.165616170,50.5,4.930511475,9.526732445,0.230213523,0.819181919,0.720048368,0.857703149
South Korea,Medium,High,2011,,,,,0.682356060,-0.054365233,71.120002747,6.946599007,10.474155426,0.167832613,0.827300906,0.587293863,0.809104383
Spain,High,High,2011,,,,,0.818650901,-0.127574667,71.120002747,6.518249035,10.515514374,0.356101543,0.845543444,0.666956425,0.944443703
Sri Lanka,High,High,2011,,,,,0.822637260,0.138303041,64.680000305,4.180569172,9.206836700,0.174926728,0.760300696,0.730495930,0.841938436
State of Palestine,Medium,High,2011,,,,,0.521889269,-0.130751416,,4.751219749,8.451590538,0.387651235,0.750207603,0.499074280,0.750832260
Sudan,Medium,High,2011,,,,,0.582538784,-0.052559532,57.939998627,4.314456463,8.526615143,0.248500824,0.662519455,0.532101870,0.817785621
Sweden,High,High,2011,,,,,0.941115439,0.156488225,71.239997864,7.382232189,10.798501968,0.179151982,0.268513024,0.761534154,0.920521259
Syria,Medium,Medium,2011,,,,,0.530432761,0.124657586,63.340000153,4.037889481,8.735453606,0.495505452,0.740585506,0.521413982,0.575722337
TÃ¼rkiye,Medium,Medium,2011,,,,,0.445606649,-0.246971920,67.059997559,5.271944046,9.985816956,0.379784316,0.648596227,0.512297988,0.691901684
Taiwan Province of China,High,High,2011,,,,,0.761488199,0.030089114,,6.308915138,10.693416595,0.112288088,0.754584312,0.727105975,0.862520754
Tajikistan,High,High,2011,,,,,0.776179969,-0.127188250,61,4.262671471,7.816639423,0.165632233,0.672199190,0.573455215,0.750738382
Tanzania,High,High,2011,,,,,0.736030340,-0.050029252,54.060001373,4.073562145,7.632026672,0.145141155,0.816376150,0.719679892,0.882530153
Thailand,High,High,2011,,,,,0.926881850,0.395811528,67.279998779,6.663609028,9.560946465,0.116675928,0.923195601,0.834183812,0.884350836
Togo,Medium,Low,2011,,,,,0.584088326,-0.093389288,52.439998627,2.936220884,7.405950069,0.395362616,0.832003653,0.478781730,0.302955091
Trinidad and Tobago,High,High,2011,,,,,0.775391877,0.075746566,63.680000305,6.518745899,10.205900192,0.134090632,0.899956524,0.826687574,0.862838507
Tunisia,Medium,High,2011,,,,,0.603123665,-0.206541926,66.379997253,4.876482010,9.223816872,0.248196974,0.912656903,0.513189495,0.714891434
Turkmenistan,High,High,2011,,,,,,0.015385253,60.419998169,5.791754723,9.146244049,0.122067995,,0.576615632,0.964418709
Uganda,High,High,2011,,,,,0.732973993,0.025522556,52.939998627,4.826001167,7.598933220,0.254482210,0.830123901,0.618214846,0.881751359
Ukraine,Medium,High,2011,,,,,0.578669310,-0.235875502,62.520000458,5.083132744,9.467564583,0.219647750,0.932535291,0.538531721,0.859458685
United Arab Emirates,High,High,2011,,,,,0.889463484,0.063067950,65.160003662,7.118701458,10.965006828,0.215870038,,0.701554298,0.881368935
United Kingdom,High,High,2011,,,,,0.899774432,0.330587327,69.459999084,6.869248867,10.648844719,0.173908412,0.437595308,0.742470384,0.948710680
United States,High,High,2011,,,,,0.863202393,0.154507354,66.680000305,7.115138531,10.914259911,0.273378521,0.696925759,0.736950576,0.921705008
Uruguay,High,High,2011,,,,,0.851441562,-0.092827946,67.180000305,6.554047108,9.928006172,0.252250046,0.556286037,0.702420473,0.891282439
Uzbekistan,High,High,2011,,,,,0.934132695,0.032398771,62.540000916,5.738744259,8.553657532,0.122773238,0.521862090,0.662584543,0.924071252
Venezuela,High,High,2011,,,,,0.766335011,-0.234725788,65.260002136,6.579789162,9.858507156,0.198666260,0.771539330,0.823433876,0.930619895
Vietnam,High,High,2011,,,,,0.818404377,0.083964311,64.580001831,5.767344475,8.803674698,0.192669109,0.742161632,0.493658513,0.897655129
Yemen,Medium,Medium,2011,,,,,0.638210595,-0.173591644,58.560001373,3.746255636,8.263951302,0.284862578,0.753882468,0.415944576,0.662679553
Zambia,Medium,High,2011,,,,,0.662850082,-0.001180415,50.060001373,4.999113560,8.054155350,0.204069972,0.882149816,0.770685017,0.864022553
Zimbabwe,Medium,High,2011,,,,,0.632977962,-0.076606654,46.400001526,4.845641613,7.617357254,0.210543975,0.829800427,0.699490964,0.864693522
Japan,High,High,2012,,,,,0.752831519,,73.239997864,5.968216419,10.564521790,0.171474710,0.692387402,0.708420038,0.905295432
Jordan,Medium,High,2012,,,,,0.693142116,-0.175128803,67.059997559,5.131996155,9.392827988,0.345336407,,0.469228566,0.829496324
Kazakhstan,High,High,2012,,,,,0.839832306,-0.176876605,61.599998474,5.759469509,10.030233383,0.184381500,0.876681805,0.666791737,0.891716659
Kenya,Medium,High,2012,,,,,0.627654195,0.052789107,54.540000916,4.547335148,8.268518448,0.194177240,0.911273062,0.667211711,0.831410110
Kosovo,Medium,High,2012,,,,,0.635793388,0.027779983,,5.639588356,9.000282288,0.099630386,0.949651420,0.561853766,0.757147133
Kuwait,High,High,2012,,,,,0.934049547,,69.599998474,6.221094608,11.011855125,0.095490493,,0.794144511,0.888916671
Kyrgyzstan,High,High,2012,,,,,0.702731669,-0.084185600,62.439998627,5.207785606,8.356863976,0.182383269,0.892036796,0.579561055,0.856181741
Laos,High,Medium,2012,,,,,,0.227443159,58.159999847,4.876084805,8.600584030,0.386679232,,0.740587413,0.692627907
Latvia,Medium,High,2012,,,,,0.563811779,-0.043768160,64.900001526,5.125025272,10.084577560,0.232224524,0.894979358,0.588138819,0.851195216
Lebanon,Medium,High,2012,,,,,0.620627165,-0.015888540,65.519996643,4.572566986,9.861598015,0.338856846,0.855777562,0.442211181,0.712611496
Libya,High,High,2012,,,,,0.711518884,-0.076037012,65.139999390,5.754394054,10.380184174,0.316149682,0.790556133,0.633086085,0.854930937
Lithuania,Medium,High,2012,,,,,0.503027141,-0.278951526,64.699996948,5.771037102,10.215772629,0.277385563,0.956959248,0.556552887,0.918690145
Luxembourg,High,High,2012,,,,,0.916520953,0.048048589,70.900001526,6.964097023,11.627477646,0.227411717,0.402753204,0.725599825,0.913907707
Madagascar,Medium,Medium,2012,,,,,0.487007886,-0.058005959,55.580001831,3.550609589,7.311224937,0.193977416,0.853590488,0.587817192,0.673088312
Malawi,Medium,Medium,2012,,,,,0.637362719,0.140231505,51.720001221,4.279269695,7.221341133,0.200462922,0.885784984,0.717376053,0.603725672
Malaysia,High,High,2012,,,,,0.848071814,0.012770441,65.559997559,5.914283752,9.984627724,0.176881894,0.846618474,0.744375229,0.841218948
Mali,High,High,2012,,,,,0.704219282,-0.091024645,51.979999542,4.313016891,7.571854591,0.109447502,0.786719501,0.647199988,0.823435068
Malta,High,High,2012,,,,,0.860689878,0.343095094,70.760002136,5.962872028,10.433339119,0.390503973,,0.638694704,0.921752036
Mauritania,Medium,High,2012,,,,,0.487372756,-0.026484760,58,4.673203945,8.494066238,0.163681492,0.707005799,0.749466240,0.763332725
Mexico,High,High,2012,,,,,0.787768304,-0.099474534,65.379997253,7.320185184,9.843672752,0.278110534,0.633281112,0.721975505,0.767279446
Moldova,Medium,High,2012,,,,,0.602418542,-0.054079894,61.759998322,5.995712757,9.091219902,0.313725889,0.955484569,0.563796163,0.826219797
Mongolia,Medium,High,2012,,,,,0.688311696,0.100316219,58.639999390,4.885150433,9.168133736,0.181066349,0.932385981,0.524273217,0.918516099
Montenegro,Medium,High,2012,,,,,0.461706370,-0.198269919,66.360000610,5.218724251,9.729277611,0.379281342,0.755059719,0.467812985,0.704032779
Morocco,High,Medium,2012,,,,,0.756784618,-0.197752878,62.819999695,4.969656467,8.877475739,0.281335980,0.844934762,0.640916228,0.675824940
Myanmar,Medium,Medium,2012,,,,,0.691094279,0.646268785,58.159999847,4.438939571,8.066871643,0.205414414,0.694738686,0.573841095,0.612249672
Nepal,Medium,High,2012,,,,,0.637778401,0.056424867,60.020000458,4.233244896,7.967660427,0.231070802,0.883494020,0.538319170,0.733602345
Netherlands,High,High,2012,,,,,0.877118647,0.282386273,70.980003357,7.470715523,10.856304169,0.226289868,0.433753788,0.752868414,0.938884676
New Zealand,High,High,2012,,,,,0.901853085,0.280487955,69.839996338,7.249629974,10.564982414,0.206878170,0.289297938,0.785510421,0.930028617
Nicaragua,High,High,2012,,,,,0.850304902,0.012386252,64.900001526,5.448006153,8.525729179,0.254660487,0.643578768,0.761726439,0.894054413
Niger,High,High,2012,,,,,0.734430909,-0.067900360,52.779998779,3.798088312,6.980211735,0.141553044,0.777340889,0.582121611,0.700107574
Nigeria,Medium,High,2012,,,,,0.651688874,0.062174540,52.139999390,5.492954254,8.526246071,0.209099486,0.900431395,0.781706154,0.817579567
North Macedonia,Medium,High,2012,,,,,0.613055706,-0.091084450,65.059997559,4.639647484,9.527178764,0.421751916,0.919845164,0.550912976,0.798305035
Norway,High,High,2012,,,,,0.946565866,0.139310345,70.599998474,7.678277016,11.041307449,0.212821111,0.368042678,0.798491180,0.947657406
Pakistan,Low,Medium,2012,,,,,0.366844118,0.156610250,55.020000458,5.131565094,8.330942154,0.332447737,0.842024505,0.510057330,0.542038023
Panama,High,High,2012,,,,,0.783182502,-0.010511426,67.819999695,6.859835625,10.174414635,0.206641346,0.795796633,0.837662220,0.897391140
Paraguay,High,High,2012,,,,,0.748206615,0.188300744,65.360000610,5.820058346,9.339297295,0.212838635,0.773659110,0.849250019,0.931004941
Peru,High,High,2012,,,,,0.703000546,-0.084398404,68.019996643,5.824557304,9.313336372,0.397958517,0.866837919,0.705466568,0.764071584
Philippines,High,High,2012,,,,,0.914499581,0.047812171,61.720001221,5.001965046,8.748012543,0.351125270,0.771167636,0.811441779,0.812921703
Poland,High,High,2012,,,,,0.811301708,-0.031521264,67.459999084,5.875931740,10.136921883,0.266746789,0.887895823,0.710892498,0.935923874
Portugal,High,High,2012,,,,,0.773821414,-0.102900490,69.779998779,4.993962288,10.314162254,0.370169967,0.959288418,0.631479800,0.866038620
Qatar,High,High,2012,,,,,0.924333632,0.148547858,65.379997253,6.611298561,11.616668701,0.322181433,,0.682699800,0.838131666
Romania,Medium,High,2012,,,,,0.644536138,-0.119568765,65.760002136,5.166874886,9.996669769,0.342614621,0.959486127,0.519568145,0.740043104
Russia,Medium,High,2012,,,,,0.609104156,-0.298252881,61.380001068,5.620735645,10.163282394,0.173604488,0.937517941,0.562564373,0.901295125
Rwanda,High,Medium,2012,,,,,0.835491359,-0.014930538,57.099998474,3.333047867,7.401063919,0.132398143,0.081324898,0.623918176,0.637147248
Saudi Arabia,Medium,High,2012,,,,,0.560455382,-0.122529328,62.599998474,6.396359444,10.737301826,0.224840984,,0.691676438,0.867100954
Senegal,Medium,High,2012,,,,,0.668252289,-0.042218439,57.299999237,3.668736935,7.946098328,0.213602841,0.851879895,0.721606612,0.711077392
Serbia,Medium,High,2012,,,,,0.460574687,-0.136360064,65.980003357,5.154521942,9.608728409,0.371236444,0.951667845,0.447128445,0.819430411
Slovakia,Medium,High,2012,,,,,0.620004296,-0.032157317,66.940002441,5.911059380,10.188010216,0.302260816,0.906532168,0.584856808,0.925751448
Slovenia,High,High,2012,,,,,0.904386282,-0.025270674,69.519996643,6.062891006,10.392480850,0.283989847,0.890754104,0.598477244,0.924753785
Somaliland region,High,High,2012,,,,,0.758219004,,,5.057314396,,0.152428225,0.333831728,0.686731637,0.786291242
South Africa,Medium,High,2012,,,,,0.590144992,-0.174591273,51.400001526,5.133887768,9.537120819,0.178183243,0.838216782,0.710758090,0.906595111
South Korea,Medium,High,2012,,,,,0.618398070,,71.339996338,6.003286839,10.492639542,0.206364661,0.843719423,0.610191762,0.775397360
Spain,High,High,2012,,,,,0.754586101,-0.065242983,71.239997864,6.290690422,10.484829903,0.366474479,0.843593001,0.644379139,0.937023342
Sri Lanka,High,High,2012,,,,,0.800397217,0.154795185,65.160003662,4.224593163,9.282116890,0.196870834,0.822879076,0.761135697,0.824357271
State of Palestine,Medium,High,2012,,,,,0.541582882,-0.163478181,,4.646608353,8.598371506,0.378503829,0.730194092,0.559733331,0.782169104
Sudan,Medium,High,2012,,,,,0.411947906,-0.072497368,58.180000305,4.550499439,8.457668304,0.242373869,0.733679295,0.510919631,0.812500715
Suriname,High,High,2012,,,,,0.885488451,-0.088416919,62.840000153,6.269286633,9.873830795,0.250364989,0.751282871,0.730167687,0.797262073
Sweden,High,High,2012,,,,,0.944382191,0.126954377,71.279998779,7.560147762,10.785203934,0.170226127,0.253543109,0.795511067,0.929397464
Switzerland,High,High,2012,,,,,0.945428014,0.131408244,71.519996643,7.776208878,11.094125748,0.176007092,0.323240787,0.792705119,0.946863890
Syria,Medium,Medium,2012,,,,,0.466770619,0.309548378,61.580001831,3.164491177,8.577606201,0.704589665,0.672964215,0.451004714,0.588395178
TÃ¼rkiye,Medium,High,2012,,,,,0.470903218,-0.220823675,67.220001221,5.309076309,10.017822266,0.334832817,0.701850235,0.506105602,0.739280581
Taiwan Province of China,Medium,High,2012,,,,,0.698195159,0.015578330,,6.125916958,10.717881203,0.140010804,0.802829146,0.701637328,0.825072408
Tajikistan,High,High,2012,,,,,0.749034524,-0.081145868,61.099998474,4.496571541,7.867161274,0.198191330,0.717097759,0.583021522,0.728590906
Tanzania,Medium,High,2012,,,,,0.577453315,0.209358558,54.720001221,4.006897449,7.647007465,0.195307106,0.886997938,0.641209841,0.832056403
Thailand,High,High,2012,,,,,0.846932828,0.375617445,67.459999084,6.300235271,9.624428749,0.137503058,0.908612072,0.732703328,0.906098127
Tunisia,Medium,Medium,2012,,,,,0.567737222,-0.183984146,66.459999084,4.463531017,9.252343178,0.326999813,0.899453163,0.490396291,0.614422798
Turkmenistan,High,High,2012,,,,,0.785563350,-0.125841826,60.740001678,5.463827133,9.233411789,0.116880700,,0.540799439,0.945841253
Uganda,Medium,High,2012,,,,,0.649463236,0.074936539,53.779998779,4.309237957,7.607652664,0.265322387,0.837545872,0.708792746,0.884721696
Ukraine,Medium,High,2012,,,,,0.563649774,-0.231316015,62.840000153,5.030342102,9.471556664,0.192819074,0.896237016,0.508998454,0.897573471
United Arab Emirates,High,High,2012,,,,,0.919792593,,65.220001221,7.217766762,11.001253128,0.223985344,,0.719470143,0.855876803
United Kingdom,High,High,2012,,,,,0.888970494,0.365852356,69.519996643,6.880784035,10.656271935,0.184244528,0.425169915,0.738626719,0.934574962
United States,High,High,2012,,,,,0.822662294,0.208499819,66.660003662,7.026226997,10.929474831,0.259643853,0.710034430,0.764519870,0.903192282
Uruguay,High,High,2012,,,,,0.870590031,0.054271519,67.260002136,6.449728489,9.959955215,0.214202747,0.615349591,0.691910923,0.864693701
Uzbekistan,High,High,2012,,,,,0.913550138,-0.046898913,62.779998779,6.019331932,8.607551575,0.118176885,0.463375092,0.650409043,0.933141291
Venezuela,High,High,2012,,,,,0.804108560,-0.201090723,65.220001221,7.066577435,9.862484932,0.176307857,0.743374348,0.843570352,0.931629658
Vietnam,High,High,2012,,,,,0.856053472,-0.131484672,64.660003662,5.534569740,8.846538544,0.221355975,0.814884901,0.546053529,0.775008678
Yemen,High,Medium,2012,,,,,0.705815315,-0.171920553,58.520000458,4.060600758,8.179214478,0.262816578,0.793232739,0.412569791,0.681678295
Zambia,High,High,2012,,,,,0.787760317,0.003808343,50.720001221,5.013374805,8.094368935,0.250368446,0.806394398,0.675891519,0.780022562
Zimbabwe,Medium,High,2012,,,,,0.469531178,-0.090621524,47.599998474,4.955100536,7.745352268,0.177310780,0.858690500,0.613298178,0.896476209
Ivory Coast,High,High,2013,,,,,0.739193261,-0.036707338,51.299999237,3.739365578,8.284656525,0.306065738,0.691117585,0.661407471,0.708571136
Jamaica,High,High,2013,,,,,0.793194950,-0.028606374,66.599998474,5.708886623,9.181799889,0.312484860,0.930722296,0.694053054,0.864943385
Japan,High,High,2013,,,,,0.821416557,-0.153920695,73.360000610,5.959361553,10.585817337,0.174621537,0.650498211,0.718607485,0.923688352
Jordan,Medium,High,2013,,,,,0.692227006,-0.130632415,67.239997864,5.171952724,9.353773117,0.286033303,,0.597289801,0.840379238
Kazakhstan,High,High,2013,,,,,0.781591058,-0.235036686,62.200000763,5.835483074,10.074108124,0.164444029,0.819989383,0.629011273,0.889009714
Kenya,High,High,2013,,,,,0.708332241,0.200699434,55.060001373,3.795383215,8.281694412,0.161331311,0.861003399,0.728745103,0.824806035
Kosovo,Medium,High,2013,,,,,0.568463147,0.114188462,,6.125758171,9.046239853,0.202731237,0.935094595,0.649957120,0.720750391
Kuwait,High,High,2013,,,,,0.750524879,,69.800003052,6.480031013,10.951713562,0.282628983,,0.686251163,0.861948133
Kyrgyzstan,High,High,2013,,,,,0.755036652,-0.090406179,62.860000610,5.402426720,8.440615654,0.134911180,0.899560452,0.595424235,0.850715518
Latvia,Medium,High,2013,,,,,0.630507529,-0.078714259,65.199996948,5.069770336,10.115168571,0.227449417,0.836553633,0.604636908,0.834022582
Lebanon,Medium,High,2013,,,,,0.654868305,-0.012098598,65.580001831,4.983288765,9.806897163,0.409337312,0.920827806,0.446394682,0.708228052
Lithuania,Medium,High,2013,,,,,0.555815279,-0.242357612,64.900001526,5.595689297,10.260778427,0.293728739,0.936335504,0.539511204,0.912514150
Luxembourg,High,High,2013,,,,,0.789655447,-0.064535126,71.099998474,7.130809307,11.635591507,0.184799984,0.300811768,0.600760520,0.916683257
Madagascar,Medium,Medium,2013,,,,,0.479550391,-0.021556407,55.819999695,3.815607071,7.307251930,0.241230845,0.867707670,0.600077331,0.672546744
Malawi,High,Medium,2013,,,,,0.751995265,0.049327850,52.779998779,4.035084248,7.245964527,0.247828677,0.856666088,0.699051321,0.563161552
Malaysia,High,High,2013,,,,,0.791310430,0.259914339,65.639999390,5.770199776,10.014621735,0.316551626,0.755383492,0.664112806,0.830900133
Mali,Medium,High,2013,,,,,0.664711058,-0.056018293,52.319999695,3.676277161,7.565345287,0.192900717,0.754807353,0.716894388,0.819691420
Malta,High,High,2013,,,,,0.909436285,0.400474340,70.940002441,6.379924774,10.472583771,0.369558126,,0.629010856,0.942231417
Mauritania,Medium,High,2013,,,,,0.602800250,-0.083960749,58.299999237,4.199015141,8.505774498,0.195690349,0.675553739,0.742709339,0.741155803
Mexico,High,High,2013,,,,,0.738716662,-0.171332821,65.519996643,7.442546368,9.843951225,0.222948730,0.614747047,0.749586701,0.759138405
Moldova,Medium,High,2013,,,,,0.657734275,-0.073303387,62.139999390,5.756059170,9.178068161,0.260602951,0.940632403,0.547656298,0.802882969
Mongolia,High,High,2013,,,,,0.748014033,0.129740626,59.060001373,4.912928104,9.259589195,0.178902224,0.927854478,0.548637271,0.934741557
Montenegro,Medium,High,2013,,,,,0.502264977,-0.181771234,66.440002441,5.074341774,9.763175964,0.331081718,0.693372130,0.493074238,0.735565186
Morocco,Medium,Medium,2013,,,,,0.571629941,-0.221209183,62.979999542,5.142160416,8.904114723,0.239409268,0.771112204,0.707146108,0.597165704
Myanmar,High,High,2013,,,,,0.775447607,0.690941155,58.639999390,4.175670624,8.134365082,0.217310622,0.637765765,0.675413072,0.756725490
Nepal,High,High,2013,,,,,0.722265780,0.137451649,60.080001831,4.604576588,8.000445366,0.279263556,0.877340496,0.495773941,0.740098953
Netherlands,High,High,2013,,,,,0.918995857,0.298797578,71.019996643,7.406550407,10.852053642,0.235443220,0.504529953,0.764698267,0.924705446
New Zealand,High,High,2013,,,,,0.944000423,0.230049819,69.860000610,7.280151844,10.584572792,0.151396915,0.312235802,0.777919173,0.958153486
Nicaragua,High,High,2013,,,,,0.859149039,0.034493741,65,5.772274971,8.559209824,0.270609558,0.636246741,0.799891829,0.868216038
Niger,High,Medium,2013,,,,,0.825387061,-0.081723690,53.220001221,3.716329813,6.993816376,0.208130196,0.710963428,0.639400542,0.695813596
Nigeria,Medium,Medium,2013,,,,,0.621587694,0.046407402,52.459999084,4.817868710,8.563854218,0.286345929,0.905309319,0.651861787,0.662943304
North Macedonia,Medium,High,2013,,,,,0.640952647,0.017967196,65.139999390,5.186190605,9.554562569,0.330875665,0.860541105,0.521264255,0.832253754
Pakistan,Medium,Medium,2013,,,,,0.447909594,0.090867534,55.279998779,5.138082504,8.358598709,0.273709893,0.791835248,0.474416286,0.607087076
Panama,High,High,2013,,,,,0.811337948,0.009639309,67.980003357,6.866480350,10.223568916,0.225745514,0.814464629,0.859786928,0.895719826
Paraguay,High,High,2013,,,,,0.908905864,0.034333609,65.440002441,5.936240673,9.405164719,0.223824456,0.902550995,0.873760998,0.938647211
Peru,High,High,2013,,,,,0.703041255,-0.071088098,68.279998779,5.782557487,9.360538483,0.390038222,0.869899273,0.741468310,0.796768486
Philippines,High,High,2013,,,,,0.907458425,0.016276212,61.779998779,4.976925373,8.796467781,0.331957966,0.756388545,0.795774877,0.846413136
Poland,High,High,2013,,,,,0.775931358,-0.141771227,67.639999390,5.746131897,10.146054268,0.241980955,0.915677428,0.674865067,0.911934912
Portugal,High,High,2013,,,,,0.788032770,-0.124257885,70.019996643,5.157688141,10.310380936,0.347898155,0.946257353,0.664723635,0.867180824
Romania,Medium,High,2013,,,,,0.654542148,-0.134990573,65.940002441,5.081584454,10.003078461,0.328619480,0.951843560,0.540932298,0.777552068
Russia,Medium,High,2013,,,,,0.661185563,-0.294971257,61.819999695,5.537177563,10.178555489,0.179923758,0.933804512,0.592296541,0.880856991
Rwanda,High,High,2013,,,,,0.904272258,-0.030881146,57.700000763,3.466387749,7.423389435,0.167348459,0.117165409,0.727639854,0.749632955
Saudi Arabia,Medium,High,2013,,,,,0.661042333,-0.084862202,62.799999237,6.495132923,10.744189262,0.275550067,,0.691165626,0.826695323
Senegal,Medium,High,2013,,,,,0.635539532,-0.058274526,57.599998474,3.647367001,7.942817688,0.165078521,0.836612225,0.694229305,0.822957873
Serbia,Medium,High,2013,,,,,0.532839715,-0.105845481,66.120002747,5.101840496,9.642110825,0.403452963,0.908122003,0.504834771,0.828068733
Sierra Leone,High,High,2013,,,,,0.719510674,-0.075106367,48.939998627,4.514291286,7.557454586,0.422833472,0.855862677,0.540466130,0.708426833
Singapore,High,High,2013,,,,,0.827102542,0.108811401,72.839996338,6.533206940,11.356089592,0.147687554,0.242398053,0.662853122,0.807910562
Slovakia,Medium,High,2013,,,,,0.597935796,-0.054989506,67.160003662,5.936527252,10.193243027,0.276509553,0.914539933,0.612062037,0.909378529
Slovenia,High,High,2013,,,,,0.890059829,0.030103182,69.680000305,5.974888802,10.380778313,0.274269283,0.917839587,0.624565423,0.932119727
South Africa,High,High,2013,,,,,0.714169025,-0.088712476,52.299999237,3.660727262,9.548055649,0.166549087,0.799543023,0.740163863,0.839424491
South Korea,Medium,High,2013,,,,,0.641884267,-0.055694778,71.559997559,5.958809853,10.519244194,0.188765511,0.831863225,0.588525295,0.796694160
Spain,High,High,2013,,,,,0.759356439,-0.107285514,71.360000610,6.150027275,10.473973274,0.371839374,0.915822566,0.662719071,0.928640485
Sri Lanka,High,High,2013,,,,,0.834020317,0.261792511,65.639999390,4.364694118,9.316396713,0.208129510,0.842013538,0.775873661,0.809175253
State of Palestine,Medium,High,2013,,,,,0.453903377,-0.163051784,,4.844027996,8.594526291,0.365275741,0.779645741,0.536738992,0.760899544
Sweden,High,High,2013,,,,,0.935910523,0.153911248,71.319999695,7.434010506,10.788538933,0.184420303,0.324481547,0.781510413,0.915648043
Syria,Medium,Medium,2013,,,,,0.454882890,0.218532383,59.819999695,2.687552929,8.418934822,0.622229934,0.663430989,0.353619248,0.585450053
TÃ¼rkiye,Medium,High,2013,,,,,0.540723383,-0.234562114,67.379997253,4.888177395,10.082166672,0.391873837,0.698064804,0.551321387,0.795451164
Taiwan Province of China,Medium,High,2013,,,,,0.690070868,-0.002616131,,6.340344429,10.723531723,0.124444835,0.841231883,0.754478216,0.816992879
Tajikistan,Medium,High,2013,,,,,0.693119764,0.054914419,61.200000763,4.966521263,7.916152000,0.169620931,0.764236510,0.578209102,0.700642824
Tanzania,Medium,High,2013,,,,,0.654182136,0.050514881,55.380001068,3.852394819,7.682535172,0.191287890,0.859005868,0.707001388,0.803418577
Thailand,High,High,2013,,,,,0.781081975,0.452088714,67.639999390,6.231024742,9.644870758,0.140830517,0.925430059,0.781871855,0.926377833
Trinidad and Tobago,High,High,2013,,,,,0.846941471,0.121243134,64.440002441,6.167706966,10.293148041,0.285929441,0.947674036,0.763941884,0.883180499
Tunisia,Medium,Medium,2013,,,,,0.536287725,-0.214259043,66.540000916,5.245604992,9.265148163,0.239156380,0.886026919,0.434686065,0.647967458
Turkmenistan,High,High,2013,,,,,0.704529464,-0.074510373,61.060001373,5.391762733,9.312130928,0.159606159,,0.551942766,0.845733166
Uganda,High,High,2013,,,,,0.763021350,0.046271913,54.619998932,3.709578753,7.614126205,0.346356750,0.820480824,0.646537483,0.878275216
Ukraine,Medium,High,2013,,,,,0.568715692,-0.224541605,63.159999847,4.710802555,9.474287987,0.224595502,0.937324286,0.571862519,0.896510422
United Arab Emirates,High,High,2013,,,,,0.935978830,,65.279998779,6.620951176,11.040596008,0.291112840,,,0.863715768
United Kingdom,High,High,2013,,,,,0.905278027,0.341072887,69.580001831,6.918055058,10.667609215,0.252095789,0.568043172,0.718912780,0.936884105
United States,High,High,2013,,,,,0.792255640,0.267716914,66.639999390,7.249285221,10.940797806,0.260328352,0.746894062,0.776115954,0.925396860
Uruguay,High,High,2013,,,,,0.888278008,-0.055981494,67.339996338,6.444464684,10.002311707,0.253228515,0.585632265,0.742915869,0.917279661
Uzbekistan,High,High,2013,,,,,0.949539959,-0.043390661,63.020000458,5.939986229,8.662359238,0.130197287,0.433931798,0.686188698,0.962780654
Venezuela,Medium,High,2013,,,,,0.641965210,-0.229989156,65.180000305,6.552796364,9.801931381,0.237609103,0.837299705,0.812144101,0.896301091
Vietnam,High,High,2013,,,,,0.919607460,-0.048331771,64.739997864,5.022698879,8.889822006,0.165225267,0.771245837,0.688877702,0.759476960
Yemen,Medium,Medium,2013,,,,,0.542547464,-0.178859070,58.479999542,4.217678547,8.166424751,0.265685052,0.885196507,0.478329360,0.693905294
Zambia,High,High,2013,,,,,0.769912362,-0.108182885,51.380001068,5.243995667,8.110990524,0.307959944,0.732267559,0.726740301,0.761311531
Zimbabwe,Medium,High,2013,,,,,0.575884283,-0.092784427,48.799999237,4.690187931,7.755186558,0.182287797,0.830936551,0.623596251,0.799273849
Ivory Coast,High,High,2014,,,,,0.780773103,-0.086633369,51.900001526,3.570368528,8.351089478,0.290650547,0.671356261,0.603351533,0.710991681
Jamaica,High,High,2014,,,,,0.808973134,-0.008376777,66.599998474,5.310538769,9.184566498,0.309984922,0.861132503,0.708209336,0.874231517
Japan,High,High,2014,,,,,0.838051736,-0.146315277,73.480003357,5.922620773,10.590102196,0.189432830,0.617483139,0.686984003,0.900040329
Jordan,High,High,2014,,,,,0.728743196,-0.113047607,67.419998169,5.333021641,9.269113541,0.312646091,,0.601867914,0.816130996
Kazakhstan,High,High,2014,,,,,0.799462974,-0.001826483,62.799999237,5.970097542,10.100523949,0.169456705,0.805351257,0.670954347,0.795293450
Kenya,High,High,2014,,,,,0.819018543,0.160584450,55.580001831,4.904579639,8.307733536,0.221096709,0.849194229,0.778699398,0.765436411
Kosovo,Medium,High,2014,,,,,0.441391230,0.009884409,,5.000375271,9.082123756,0.205950245,0.775200605,0.551718652,0.705632329
Kuwait,High,High,2014,,,,,,,70,6.180138588,10.925642967,,,,
Kyrgyzstan,High,High,2014,,,,,0.736290097,0.350035876,63.279998779,5.252192974,8.460005760,0.185025334,0.896767378,0.617240667,0.898024797
Latvia,Medium,High,2014,,,,,0.670653164,-0.048797511,65.5,5.729115486,10.143428802,0.225979373,0.803687513,0.604619026,0.881255507
Lebanon,Medium,High,2014,,,,,0.657207966,-0.017433776,65.639999390,5.233025551,9.731715202,0.267213225,0.939358175,0.524522364,0.758719444
Liberia,Medium,High,2014,,,,,0.590450883,-0.034524504,52.419998169,4.571419239,7.386387348,0.442859620,0.868966281,0.565419495,0.708301783
Lithuania,Medium,High,2014,,,,,0.507947206,-0.269215733,65.099998474,6.125723839,10.304135323,0.286910683,0.956347883,0.564930737,0.908239841
Luxembourg,High,High,2014,,,,,0.937987685,0.096714847,71.300003052,6.891127110,11.637914658,0.170409396,0.366286784,0.760254264,0.875469446
Madagascar,Medium,Medium,2014,,,,,0.528805017,-0.026291067,56.060001373,3.675626993,7.313827515,0.192181751,0.791055620,0.641383529,0.655214131
Malawi,High,Medium,2014,,,,,0.785766721,0.031983431,53.840000153,4.563080311,7.272803783,0.262713403,0.824017882,0.652700365,0.511616111
Malaysia,High,High,2014,,,,,0.808384359,0.235280499,65.720001221,5.962921619,10.057424545,0.260893494,0.844815433,0.710559785,0.863067031
Mali,Medium,High,2014,,,,,0.651513875,-0.039934594,52.659999847,3.974714279,7.602088451,0.185634121,0.657930553,0.721907437,0.843123436
Malta,High,High,2014,,,,,0.903936625,0.395181179,71.120002747,6.452117920,10.526174545,0.352065593,0.669645309,0.605655909,0.941215873
Mauritania,Medium,High,2014,,,,,0.468318135,-0.059652638,58.599998474,4.482805252,8.521212578,0.163452432,0.589483082,0.743177891,0.852777958
Mauritius,High,High,2014,,,,,0.824230313,0.168322697,63.880001068,5.647779942,9.895463943,0.222399607,0.879405558,0.740984321,0.784822047
Mexico,High,High,2014,,,,,0.779132903,-0.100936547,65.660003662,6.679831028,9.859636307,0.228730410,0.629851162,0.759792626,0.781964958
Moldova,Medium,High,2014,,,,,0.623186231,-0.117733337,62.520000458,5.917058468,9.227464676,0.259689748,0.924806714,0.546722054,0.804968834
Mongolia,High,High,2014,,,,,0.752354145,0.139763758,59.479999542,4.824834824,9.315420151,0.170421317,0.908596814,0.511573672,0.943436682
Montenegro,Medium,High,2014,,,,,0.502665520,0.090654828,66.519996643,5.282720566,9.779885292,0.367646754,0.768465519,0.544968426,0.862930357
Myanmar,High,High,2014,,,,,0.870296836,0.699570477,59.119998932,4.786247253,8.204833984,0.111978769,0.591632962,0.713258445,0.774267435
Namibia,High,High,2014,,,,,0.849354982,-0.191236690,54.259998322,4.573991299,9.264313698,0.238961443,0.790228367,0.722673059,0.762783587
Nepal,High,High,2014,,,,,0.711877644,0.107776783,60.139999390,4.975014687,8.055885315,0.287447155,0.840685844,0.492254227,0.785883367
Netherlands,High,High,2014,,,,,0.910179615,0.325575739,71.059997559,7.321188450,10.862588882,0.220656529,0.456948370,0.775612891,0.908995748
New Zealand,High,High,2014,,,,,0.931882441,0.340978384,69.879997253,7.305892467,10.605362892,0.199018866,0.272608608,0.807100952,0.942380846
Nicaragua,High,High,2014,,,,,0.817320645,0.099423647,65.099998474,6.275266647,8.591470718,0.333935738,0.698808014,0.782329440,0.838567436
Niger,Medium,High,2014,,,,,0.687634289,-0.050759047,53.659999847,4.180943489,7.020313263,0.204661280,0.604728460,0.628695428,0.752533853
North Macedonia,Medium,High,2014,,,,,0.644740820,0.028051827,65.220001221,5.203825951,9.588546753,0.306998342,0.860599697,0.582850993,0.792998135
Norway,High,High,2014,,,,,0.956316173,0.173089683,71,7.444470882,11.048323631,0.194354936,0.404825836,0.802207887,0.941161931
Pakistan,Medium,Medium,2014,,,,,0.543138504,0.131319210,55.540000916,5.435657978,8.390193939,0.295479774,0.676927507,0.475317448,0.551683307
Panama,High,High,2014,,,,,0.893915117,-0.006518584,68.139999390,6.631171227,10.255550385,0.253815651,0.846593857,0.798749387,0.873474240
Paraguay,High,High,2014,,,,,0.759396434,-0.013154737,65.519996643,5.118641853,9.442753792,0.215778142,0.762375772,0.876032054,0.959249556
Peru,High,High,2014,,,,,0.722352386,-0.141338259,68.540000916,5.865815639,9.373643875,0.319337994,0.877822161,0.743211806,0.818986952
Philippines,High,High,2014,,,,,0.902185738,-0.020210117,61.840000153,5.312550068,8.841845512,0.334036529,0.787219465,0.787262917,0.813300192
Poland,High,High,2014,,,,,0.875357091,-0.069191583,67.819999695,5.750282288,10.184454918,0.222643748,0.897741735,0.681014657,0.923642278
Portugal,High,High,2014,,,,,0.846810102,-0.132219076,70.260002136,5.126911640,10.323663712,0.357692271,0.941070080,0.663038433,0.861829460
Romania,High,High,2014,,,,,0.754235506,-0.106719837,66.120002747,5.726893425,10.047204971,0.330687732,0.958324730,0.564956546,0.752941370
Russia,High,High,2014,,,,,0.744332075,-0.270197660,62.259998322,6.036976814,10.168047905,0.151346922,0.869267285,0.616634369,0.931755424
Rwanda,High,High,2014,,,,,0.894025266,-0.025990535,58.299999237,3.595678329,7.459458828,0.133609742,0.078000180,0.747769415,0.748304188
Saudi Arabia,High,High,2014,,,,,0.762251675,-0.077178076,63,6.278378010,10.763455391,0.312949479,,0.663331389,0.818419814
Senegal,Medium,High,2014,,,,,0.692353189,-0.051509090,57.900001526,4.394777298,7.976007462,0.157226577,0.699660003,0.696372092,0.855522096
Serbia,Medium,High,2014,,,,,0.531597257,0.065979511,66.260002136,5.112728596,9.630783081,0.326117814,0.911732435,0.473159254,0.782708704
Sierra Leone,Medium,High,2014,,,,,0.681497633,0.030064812,49.319999695,4.499970436,7.577106953,0.334213495,0.786132097,0.621771038,0.868556499
Singapore,High,High,2014,,,,,0.834887624,0.147936612,73.019996643,7.062364578,11.381706238,0.180232763,0.132603154,0.774240196,0.822033048
Slovakia,Medium,High,2014,,,,,0.634791732,-0.129687563,67.379997253,6.138873100,10.218887329,0.266784608,0.913870215,0.618786454,0.924242675
Slovenia,High,High,2014,,,,,0.887747705,0.046733800,69.839996338,5.678395271,10.407099724,0.290812403,0.909118295,0.593501449,0.908347547
Somalia,High,Medium,2014,,,,,0.873878837,0.020363685,47.659999847,5.528272629,6.830417633,0.207215205,0.456470013,0.688916326,0.610835552
South Africa,High,High,2014,,,,,0.794030964,-0.128465921,53.200000763,4.828456402,9.546331406,0.243358150,0.820258021,0.729684711,0.881152213
South Korea,Medium,High,2014,,,,,0.623193622,-0.048812803,71.779998779,5.801325321,10.544485092,0.282807708,0.834068358,0.575068653,0.737754107
South Sudan,Medium,Medium,2014,,,,,0.567259312,,52.880001068,3.831992388,,0.428319663,0.741540551,0.578409851,0.545118451
Spain,High,High,2014,,,,,0.738472342,-0.034010887,71.480003357,6.456477642,10.490824699,0.335460007,0.853887916,0.682676077,0.947864413
Sri Lanka,High,High,2014,,,,,0.867936432,0.291339427,66.120002747,4.267932892,9.373141289,0.186895683,0.790626824,0.784851849,0.804798007
State of Palestine,Medium,High,2014,,,,,0.657049835,-0.163481593,,4.721938133,8.618412018,0.380452424,0.804165423,0.504632056,0.775086701
Sudan,Low,High,2014,,,,,0.390095800,-0.079750925,58.659999847,4.138672829,8.471488953,0.302724987,0.793785036,0.461327523,0.810615540
Sweden,High,High,2014,,,,,0.945273399,0.196740150,71.360000610,7.239147663,10.804847717,0.207688317,0.250389993,0.793269098,0.932719827
Switzerland,High,High,2014,,,,,0.949401438,0.053017356,71.639999390,7.492803574,11.111415863,0.188794166,0.283089578,0.787933230,0.958796322
TÃ¼rkiye,Medium,High,2014,,,,,0.649196088,-0.028577393,67.540000916,5.579794407,10.110523224,0.377324939,0.764013529,0.409512967,0.863288283
Taiwan Province of China,Medium,High,2014,,,,,0.692899764,0.089406744,,6.363496780,10.749410629,0.108366139,0.865740597,0.767370105,0.870011866
Tajikistan,High,High,2014,,,,,0.852732241,-0.006996950,61.299999237,4.896157742,7.957952023,0.196153805,0.698430777,0.586818874,0.809826255
Tanzania,Medium,High,2014,,,,,0.654125094,0.106610514,56.040000916,3.483278513,7.716652393,0.241430685,0.877885878,0.693071842,0.789081037
Thailand,High,High,2014,,,,,0.899846315,0.548465371,67.819999695,6.985463619,9.649187088,0.168738440,0.919834435,0.768266082,0.933167398
Togo,Medium,Medium,2014,,,,,0.663193226,-0.108453602,53.759998322,2.838958740,7.509245396,0.442813188,0.795341790,0.536514223,0.444339007
Tunisia,Medium,Medium,2014,,,,,0.588934243,-0.239270285,66.620002747,4.763594627,9.284261703,0.320770472,0.783134162,0.423616856,0.680260599
Turkmenistan,High,High,2014,,,,,0.804678082,0.028877869,61.380001068,5.787379265,9.391798973,0.153949738,,0.613807082,0.908927441
Uganda,High,High,2014,,,,,0.834174395,0.002548279,55.459999084,3.769919157,7.634238243,0.396719784,0.897995412,0.634924591,0.821205795
Ukraine,Medium,High,2014,,,,,0.533267498,0.078334764,63.479999542,4.297329903,9.424306870,0.248560056,0.926788926,0.542552173,0.876760185
United Arab Emirates,High,High,2014,,,,,,,65.339996338,6.539854527,11.071845055,,,,
United Kingdom,High,High,2014,,,,,0.857039690,0.349104077,69.639999390,6.758147717,10.691740036,0.251140326,0.484118432,0.740233481,0.910247326
United States,High,High,2014,,,,,0.866076887,0.215256065,66.620002747,7.151114464,10.956084251,0.281265348,0.702267468,0.785790622,0.902097046
Uruguay,High,High,2014,,,,,0.904332876,-0.085651532,67.419998169,6.561443806,10.031090736,0.251498908,0.533494890,0.788126111,0.901897848
Uzbekistan,High,High,2014,,,,,0.954481184,0.052173629,63.259998322,6.049212456,8.711969376,0.106158175,0.536461055,0.712928891,0.952406049
Venezuela,Medium,High,2014,,,,,0.569961905,-0.190795049,65.139999390,6.136096478,9.365731239,0.243603572,0.826534986,0.796721876,0.903955817
Vietnam,High,High,2014,,,,,,-0.021541763,64.819999695,5.084923267,8.941402435,0.240606785,,0.633852303,0.792168498
Yemen,Medium,Medium,2014,,,,,0.663908720,-0.165577546,58.439998627,3.967957973,8.159071922,0.275673747,0.885429204,0.526576996,0.638252258
Zambia,High,High,2014,,,,,0.811824918,-0.014411684,52.040000916,4.345837116,8.124429703,0.327383965,0.808840990,0.638975799,0.706222713
Zimbabwe,Medium,High,2014,,,,,0.642033815,-0.061624825,50,4.184450626,7.748008728,0.239110738,0.820217133,0.661306620,0.765838981
Ivory Coast,High,High,2015,,,,,0.799745500,-0.058823816,52.5,4.445038795,8.394760132,0.347228676,0.744249642,0.614115715,0.703991652
Japan,High,High,2015,,,,,0.831694186,-0.162420258,73.599998474,5.879684448,10.606649399,0.176408634,0.654443085,0.702268898,0.922657192
Jordan,High,High,2015,,,,,0.766517043,-0.050937131,67.599998474,5.404593468,9.201573372,0.305195779,,0.616620958,0.830443859
Kazakhstan,High,High,2015,,,,,0.740132809,-0.042827900,63.400001526,5.949995041,10.097837448,0.173994005,0.713844299,0.682067513,0.931349277
Kenya,High,High,2015,,,,,0.792990327,0.209296197,56.099998474,4.357617855,8.334213257,0.172422111,0.852549851,0.673485041,0.776923060
Kosovo,Medium,High,2015,,,,,0.561048269,0.177380666,,5.077460766,9.153251648,0.179988816,0.850647092,0.684578478,0.805270791
Kuwait,High,High,2015,,,,,0.821662426,0.076863937,70.199996948,6.146031857,10.893179893,0.323691428,,0.678253472,0.823017776
Kyrgyzstan,High,High,2015,,,,,0.813175857,0.194431394,63.700000763,4.905375957,8.477441788,0.173476428,0.857725024,0.658385754,0.856584549
Latvia,Medium,High,2015,,,,,0.656393170,-0.083627276,65.800003052,5.880597591,10.189731598,0.228137180,0.808400393,0.559270859,0.879372418
Lebanon,Medium,High,2015,,,,,0.596749783,0.065664135,65.699996948,5.171971321,9.716663361,0.242553964,0.888953269,0.524464548,0.741707742
Liberia,Medium,Medium,2015,,,,,0.671430886,-0.066510834,52.5,2.701591253,7.365847588,0.388488621,0.902672648,0.519482315,0.637665987
Libya,High,High,2015,,,,,0.774544954,-0.089146964,64.300003052,5.615404606,9.857912064,0.368905216,,0.651638031,0.867987692
Lithuania,Medium,High,2015,,,,,0.641470194,-0.259416133,65.300003052,5.711378098,10.333586693,0.276451677,0.924174070,0.533641696,0.928523540
Luxembourg,High,High,2015,,,,,0.932256401,0.044370703,71.5,6.701571465,11.636758804,0.193050340,0.375390470,0.727877915,0.933604598
Madagascar,Medium,Medium,2015,,,,,0.544753611,-0.044008072,56.299999237,3.592514038,7.318787575,0.226243451,0.860953391,0.674233139,0.646716535
Malawi,High,Medium,2015,,,,,0.801390707,0.028963029,54.900001526,3.867638350,7.272827625,0.259763956,0.834825397,0.602146029,0.494381636
Malaysia,Medium,High,2015,,,,,0.674594462,0.218351528,65.800003052,6.322121143,10.092091560,0.313732743,0.837892234,0.732742906,0.817616284
Mali,Medium,High,2015,,,,,0.633753538,-0.069921888,53,4.582098484,7.630509377,0.243003011,0.800046742,0.695829928,0.830189168
Malta,High,High,2015,,,,,0.912178040,0.339016110,71.300003052,6.613394260,10.594051361,0.355040580,0.663886309,0.640534222,0.918764889
Mauritania,Medium,High,2015,,,,,0.447086573,0.049781747,58.900001526,3.922664165,8.547121048,0.193899721,0.715358436,0.797596335,0.874945939
Mexico,High,High,2015,,,,,0.719465971,-0.158457875,65.800003052,6.236287117,9.880367279,0.237188041,0.707971931,0.706144869,0.760614276
Moldova,Medium,High,2015,,,,,0.595241427,-0.094334073,62.900001526,6.017472267,9.231746674,0.281455815,0.943118811,0.555981815,0.839905500
Mongolia,Medium,High,2015,,,,,0.685510755,0.166784003,59.900001526,4.982719898,9.317831039,0.207652658,0.900218189,0.532772839,0.905524373
Montenegro,Medium,High,2015,,,,,0.583317339,-0.149936646,66.599998474,5.124921322,9.812665939,0.337239444,0.781232595,0.534339011,0.739630520
Morocco,High,Medium,2015,,,,,0.712933421,-0.238552734,63.299999237,5.163156986,8.947375298,0.261803716,0.841856956,0.596332312,0.605917633
Mozambique,High,Medium,2015,,,,,0.813229263,0.083273016,48.599998474,4.549767494,7.148315907,0.339584351,0.631573498,0.560135126,0.665858209
Myanmar,High,High,2015,,,,,0.807971060,0.691576004,59.599998474,4.223846436,8.229056358,0.271750778,0.633305192,0.729088902,0.752064288
Nepal,High,High,2015,,,,,0.763447225,0.214127839,60.200000763,4.812436581,8.089492798,0.358234376,0.823508382,0.444045782,0.747611880
Netherlands,High,High,2015,,,,,0.903978765,0.255707234,71.099998474,7.324437141,10.877558708,0.202128634,0.411822110,0.742387831,0.879010439
New Zealand,High,High,2015,,,,,0.941784263,0.322481543,69.900001526,7.418120861,10.621685982,0.159829989,0.185888708,0.794508100,0.987343490
Nicaragua,High,High,2015,,,,,0.809259176,0.072650328,65.199996948,5.924112797,8.623898506,0.345594645,0.727998376,0.771062553,0.826908529
Niger,High,High,2015,,,,,0.728128314,-0.036639068,54.099998474,3.671453714,7.025013924,0.218422577,0.702549696,0.664707303,0.713019609
Nigeria,Medium,High,2015,,,,,0.680470288,-0.039614603,53.099998474,4.932914734,8.599528313,0.251189560,0.926109254,0.714879394,0.811647654
North Macedonia,Medium,High,2015,,,,,0.660318911,-0.053118598,65.300003052,4.975589752,9.625048637,0.299022079,0.824178994,0.550810456,0.766368151
Norway,High,High,2015,,,,,0.947620511,0.249089181,71.199996948,7.603433609,11.056776047,0.209409878,0.298814356,0.796320975,0.946833968
Pakistan,Medium,Medium,2015,,,,,0.586546242,0.075647749,55.799999237,4.823194981,8.423455238,0.328646719,0.716641188,0.469451874,0.561720133
Panama,High,High,2015,,,,,0.846669197,-0.015598256,68.300003052,6.605550289,10.293885231,0.263825864,0.809942901,0.777305126,0.882615030
Paraguay,High,High,2015,,,,,0.806124747,-0.018979408,65.599998474,5.559724331,9.457676888,0.218508467,0.862888277,0.831519663,0.914199054
Peru,High,High,2015,,,,,0.802269042,-0.095052451,68.800003052,5.577263355,9.393926620,0.378304660,0.883730412,0.743743539,0.798418343
Philippines,High,High,2015,,,,,0.911533594,-0.055983569,61.900001526,5.547489166,8.886696815,0.350587666,0.755191565,0.796321929,0.853588581
Poland,High,High,2015,,,,,0.793462157,-0.098368824,68,6.007021904,10.228020668,0.240432039,0.810096323,0.630626798,0.893090427
Portugal,High,High,2015,,,,,0.800440311,-0.168927982,70.5,5.080866337,10.345566750,0.370736867,0.941050768,0.629159272,0.866213858
Qatar,High,High,2015,,,,,,,66.400001526,6.374529362,11.532453537,,,,
Romania,High,High,2015,,,,,0.795847714,-0.147055641,66.300003052,5.777491093,10.083021164,0.311574161,0.961650968,0.627088487,0.786967337
Russia,Medium,High,2015,,,,,0.685454726,-0.176691979,62.700000763,5.995538712,10.145966530,0.130005926,0.913418293,0.609346032,0.924363256
Rwanda,High,Medium,2015,,,,,0.907892346,0.021633811,58.900001526,3.483108997,7.520462513,0.206402764,0.094604470,0.691529870,0.678143561
Saudi Arabia,High,High,2015,,,,,0.820207238,-0.050285131,63.200000763,6.345491886,10.790043831,0.327139378,,0.667652607,0.819749713
Senegal,High,High,2015,,,,,0.719533265,-0.117392436,58.200000763,4.617000580,8.010486603,0.207667634,0.765490174,0.709879577,0.701534510
Serbia,Medium,High,2015,,,,,0.545892000,-0.068083674,66.400001526,5.317685127,9.653630257,0.302544028,0.859358013,0.472240627,0.816251040
Sierra Leone,Medium,Medium,2015,,,,,0.624296129,0.047139786,49.700000763,4.908617973,7.323719025,0.414426446,0.824828029,0.625677109,0.610593736
Singapore,High,High,2015,,,,,0.886890888,0.143529266,73.199996948,6.619524956,11.399175644,0.141585171,0.098943882,0.736193538,0.866436660
Slovakia,Medium,High,2015,,,,,0.587157667,-0.132151231,67.599998474,6.162004471,10.268317223,0.269246429,0.927545130,0.632166922,0.943453670
Slovenia,High,High,2015,,,,,0.896007299,0.002204296,70,5.740642071,10.428208351,0.261418730,0.892197907,0.644497395,0.901163757
Somalia,High,Medium,2015,,,,,0.967869282,0.015748275,48.099998474,5.353644848,6.937022209,0.186736152,0.410235763,0.763963759,0.599281073
South Africa,High,High,2015,,,,,0.862449408,-0.138307467,54.099998474,4.887325764,9.538723946,0.160787657,0.852694750,0.716541946,0.898096263
South Korea,Medium,High,2015,,,,,0.615848780,-0.041477427,72,5.780211449,10.566916466,0.244323716,0.840721607,0.560941756,0.768350601
South Sudan,Medium,Medium,2015,,,,,0.511631012,,53,4.070771217,,0.449795097,0.709605932,0.552726328,0.584781349
Spain,High,High,2015,,,,,0.732000470,-0.078198567,71.599998474,6.380663395,10.529267311,0.284693688,0.821664929,0.704702199,0.956471860
Sri Lanka,High,High,2015,,,,,0.902074754,0.311648220,66.599998474,4.611606598,9.409771919,0.234751269,0.859470963,0.789435446,0.862500072
State of Palestine,Medium,High,2015,,,,,0.556040943,-0.172710478,,4.695239067,8.683147430,0.369084895,0.774301350,0.536447167,0.766101241
Sweden,High,High,2015,,,,,0.935072064,0.206192046,71.400001526,7.288922310,10.838187218,0.190991774,0.231964141,0.766197622,0.929459989
Switzerland,High,High,2015,,,,,0.927802444,0.101598851,71.699996948,7.572136879,11.116344452,0.165759072,0.209533513,0.794053614,0.938333750
Syria,Medium,Medium,2015,,,,,0.448270857,0.035887368,56.299999237,3.461912870,8.492067337,0.642588735,0.685236931,0.363018543,0.463912874
TÃ¼rkiye,Medium,High,2015,,,,,0.653196752,-0.020972848,67.699996948,5.514465332,10.150138855,0.382290989,0.806076229,0.390979111,0.851224601
Taiwan Province of China,High,High,2015,,,,,0.700810492,0.017149907,,6.450088024,10.778759956,0.129348695,0.857194841,0.750357687,0.885388851
Tajikistan,High,High,2015,,,,,0.846542120,0.013454401,61.400001526,5.124210835,7.992934704,0.195661336,0.741689622,0.633298099,0.843932509
Tanzania,High,High,2015,,,,,0.758684695,0.145067140,56.700000763,3.660597324,7.743151665,0.191747963,0.906422615,0.606502652,0.790262580
Thailand,High,High,2015,,,,,0.884916544,0.311936498,68,6.201762676,9.675292015,0.174081355,0.913651109,0.883586407,0.866324544
Togo,High,Medium,2015,,,,,0.771577239,-0.092475280,54.200000763,3.768301964,7.540040016,0.415780723,0.733261764,0.597042680,0.478593409
Tunisia,High,Medium,2015,,,,,0.711373389,-0.233162656,66.699996948,5.131611824,9.282683372,0.319542259,0.814824998,0.513881803,0.609470010
Turkmenistan,High,High,2015,,,,,0.701358378,0.089677744,61.700000763,5.791460037,9.436701775,0.301038891,,0.633318007,0.960158467
Uganda,High,High,2015,,,,,0.757835329,0.128034323,56.299999237,4.237686634,7.653903008,0.352847546,0.872740388,0.678660333,0.746633112
Ukraine,Medium,High,2015,,,,,0.430592030,-0.038865898,63.799999237,3.964542866,9.325107574,0.241075858,0.952472746,0.531036317,0.909439743
United Arab Emirates,High,High,2015,,,,,0.915036201,0.191897720,65.400001526,6.568397522,11.128389359,0.295732975,,0.722089231,0.824136674
United Kingdom,High,High,2015,,,,,0.832926095,0.294440210,69.699996948,6.515445232,10.707466125,0.219261855,0.456133723,0.739562273,0.935985744
United States,High,High,2015,,,,,0.848753452,0.213494971,66.599998474,6.863946915,10.975425720,0.274687767,0.697542608,0.768670917,0.903571069
Uruguay,High,High,2015,,,,,0.916879654,-0.045148876,67.5,6.628080368,10.031507492,0.299538106,0.673475683,0.811901748,0.891493499
Uzbekistan,High,High,2015,,,,,0.979937136,0.365648687,63.5,5.972364426,8.764227867,0.103493795,0.470916927,0.778201997,0.968225241
Venezuela,Medium,High,2015,,,,,0.512159348,-0.088825949,65.099998474,5.568800449,8.532186508,0.222635239,0.813096821,0.837068617,0.911086857
Vietnam,High,High,2015,,,,,,0.063700341,64.900001526,5.076315403,8.998518944,0.232416138,,0.583119392,0.848676682
Yemen,Medium,Medium,2015,,,,,0.609980762,-0.138422206,58.400001526,2.982673883,7.772318363,0.321357071,0.829097569,0.458002269,0.668683469
Zambia,High,Medium,2015,,,,,0.758653641,-0.042406719,52.700000763,4.843164444,8.121295929,0.381731302,0.871019542,0.634061992,0.691483498
Zimbabwe,Medium,High,2015,,,,,0.667193294,-0.110748626,51.200000763,3.703191280,7.746680260,0.178861097,0.810457349,0.639001906,0.735800326
Ivory Coast,High,Medium,2016,,,,,0.768789351,-0.048107628,53.075000763,4.542545795,8.438225746,0.378029406,0.757453382,0.692695022,0.617400765
Japan,High,High,2016,,,,,0.836064637,-0.069452874,73.724998474,5.954650879,10.614670753,0.192402646,0.697639346,0.689583302,0.899773836
Jordan,High,High,2016,,,,,0.771350622,-0.042012628,67.599998474,5.271284580,9.172960281,0.311913371,,0.597716808,0.819944739
Kazakhstan,High,High,2016,,,,,0.782805562,-0.041889824,63.799999237,5.533551693,10.094556808,0.155414730,0.702016652,0.640658498,0.927810669
Kenya,High,High,2016,,,,,0.748508275,0.287939638,56.5,4.396127701,8.353463173,0.225647658,0.828411579,0.729874551,0.705921590
Kosovo,High,High,2016,,,,,0.827398598,0.120357804,,5.759412289,9.213439941,0.149606720,0.940897942,0.588412583,0.823802710
Kuwait,High,High,2016,,,,,0.840967178,-0.079607233,70.175003052,5.947194576,10.886990547,0.314922988,,0.642740011,0.845222056
Kyrgyzstan,High,High,2016,,,,,0.813939214,0.050866004,64.224998474,4.856534004,8.499514580,0.126099676,0.916922808,0.668045878,0.914375484
Latvia,Medium,High,2016,,,,,0.685299277,-0.163033709,65.900001526,5.940446377,10.222280502,0.231383532,0.867639601,0.583288550,0.917073965
Lebanon,Medium,High,2016,,,,,0.657357454,0.020841213,65.775001526,5.270723820,9.754262924,0.263445616,0.853114486,0.512747288,0.827885926
Lesotho,High,High,2016,,,,,0.729489863,-0.099940911,42.25,3.808204889,7.896602631,0.270283490,0.742873371,0.684949994,0.798059285
Liberia,High,Medium,2016,,,,,0.763476014,0.027643111,53.099998474,3.354676008,7.330049992,0.509046674,0.901267469,0.625466764,0.642614603
Libya,High,High,2016,,,,,0.822384834,-0.135230243,64.525001526,5.433583260,9.828466415,0.383073747,,0.644933641,0.876065850
Lithuania,Medium,High,2016,,,,,0.614239335,-0.272096306,65.650001526,5.865552425,10.371170044,0.249855742,0.949392676,0.552628219,0.937873363
Luxembourg,High,High,2016,,,,,0.882365346,0.010685492,71.525001526,6.967340946,11.663787842,0.192300707,0.356336325,0.706498742,0.941260576
Madagascar,Medium,High,2016,,,,,0.569645405,-0.072243385,56.549999237,3.663085938,7.332082748,0.204255417,0.864171147,0.669859111,0.746496975
Malawi,High,Medium,2016,,,,,0.809884131,0.036747385,55.450000763,3.476492643,7.270342350,0.324738920,0.823615015,0.584088564,0.524299622
Mali,Medium,High,2016,,,,,0.696007371,-0.072118282,53.400001526,4.016027927,7.655478954,0.305299431,0.862326682,0.738429368,0.836254537
Malta,High,High,2016,,,,,0.916023612,0.339051813,71.349998474,6.590842247,10.604417801,0.355443776,0.696494639,0.644831896,0.930369377
Mauritania,Medium,High,2016,,,,,0.466561466,-0.180696726,59.125,4.472149372,8.533226013,0.221666142,0.841835141,0.710193098,0.784826875
Mauritius,High,High,2016,,,,,0.819175661,0.131366208,63.974998474,5.610003471,9.967591286,0.245711893,0.890661359,0.705523014,0.836032152
Mexico,High,High,2016,,,,,0.751613081,-0.159664154,65.800003052,6.824172974,9.894999504,0.219571486,0.808579445,0.801958680,0.893492579
Moldova,Medium,High,2016,,,,,0.557369471,-0.052207552,63.299999237,5.577784061,9.288789749,0.274551123,0.969482958,0.586273730,0.837321460
Mongolia,High,High,2016,,,,,0.759740949,0.083385400,60,5.056999683,9.310995102,0.171171755,0.900452137,0.554553747,0.947489381
Montenegro,Medium,High,2016,,,,,0.568633676,-0.093373761,66.699996948,5.304066181,9.841501236,0.336675465,0.848966599,0.547315359,0.865743697
Morocco,High,Medium,2016,,,,,0.816556096,-0.248023093,63.400001526,5.386307240,8.940129280,0.205413148,0.717356145,0.658135533,0.655409336
Myanmar,High,High,2016,,,,,0.877491176,0.680344641,59.924999237,4.623119831,8.321070671,0.301501393,0.607286572,0.671309054,0.793461978
Nepal,High,High,2016,,,,,0.839488447,0.155146450,60.474998474,5.099539757,8.084770203,0.369661748,0.817114890,0.523476124,0.837043643
Netherlands,High,High,2016,,,,,0.907310009,0.232919499,71.175003052,7.540877342,10.893917084,0.214850739,0.433304250,0.737007380,0.925944209
New Zealand,High,High,2016,,,,,0.926576018,0.258688867,69.974998474,7.225687981,10.636537552,0.207413629,0.278270781,0.776531398,0.936602890
Nicaragua,High,High,2016,,,,,0.716534257,0.034974892,65.275001526,6.012739658,8.654224396,0.380347282,0.731464922,0.786971927,0.852702439
Niger,High,Medium,2016,,,,,0.701927304,-0.020275470,54.450000763,4.234645844,7.042164326,0.325441957,0.814493895,0.646426618,0.682828248
Nigeria,High,High,2016,,,,,0.797690511,0.038762964,53.424999237,5.219567776,8.558156967,0.251836300,0.904706836,0.745246053,0.804766953
North Macedonia,High,High,2016,,,,,0.706179321,0.073277749,65.5,5.345746040,9.652039528,0.292294681,0.869719028,0.587329805,0.871212244
Norway,High,High,2016,,,,,0.954352319,0.124983922,71.25,7.596331596,11.059545517,0.209262192,0.409666121,0.809430182,0.959742844
Pakistan,Medium,Medium,2016,,,,,0.634182811,0.084440224,56.075000763,5.548508167,8.465209007,0.331616670,0.792530060,0.502840996,0.626921296
Panama,High,High,2016,,,,,0.884479761,-0.111088902,68.400001526,6.117638111,10.324884415,0.244131789,0.836976767,0.812744737,0.882460237
Paraguay,High,High,2016,,,,,0.853534281,-0.082287923,65.650001526,5.801380157,9.485220909,0.197176188,0.756116271,0.833231986,0.939866960
Peru,High,High,2016,,,,,0.829843879,-0.139206946,68.974998474,5.700628757,9.419086456,0.338006854,0.865919590,0.791096807,0.802856445
Philippines,High,High,2016,,,,,0.907595754,-0.075891629,61.924999237,5.430832863,8.938013077,0.290232718,0.791962206,0.807433665,0.821298718
Poland,High,High,2016,,,,,0.870707512,-0.096222095,68.175003052,6.162076473,10.257557869,0.223536044,0.847753942,0.665538013,0.917398810
Portugal,High,High,2016,,,,,0.838069320,-0.231115222,70.625,5.446637154,10.368715286,0.326252729,0.922192395,0.659148574,0.904635370
Romania,High,High,2016,,,,,0.821720600,-0.119759545,66.425003052,5.968870640,10.116932869,0.257763505,0.949044526,0.607439756,0.809229195
Russia,High,High,2016,,,,,0.713606298,-0.186878696,63.075000763,5.854945660,10.146069527,0.142497227,0.925462723,0.586740851,0.910927355
Rwanda,High,Medium,2016,,,,,0.910736382,0.021645980,59.224998474,3.332989931,7.554025650,0.285384238,0.158601388,0.714600325,0.665130913
Saudi Arabia,High,High,2016,,,,,0.774267733,-0.138459176,63.400001526,6.473921299,10.793254852,0.266292661,,0.724946260,0.889932334
Senegal,High,High,2016,,,,,0.743729651,-0.091955706,58.5,4.594533920,8.044955254,0.244851768,0.794353724,0.781317413,0.838994384
Serbia,Medium,High,2016,,,,,0.614370823,-0.073879801,66.525001526,5.752754688,9.691707611,0.298126608,0.889765203,0.492267966,0.894894958
Sierra Leone,Medium,Medium,2016,,,,,0.681202114,0.102740861,50.5,4.732953072,7.361058712,0.456180692,0.863264859,0.615884840,0.656723499
Singapore,High,High,2016,,,,,0.903735638,0.136512488,73.300003052,6.033480644,11.421584129,0.110942468,0.047311153,0.745386899,0.925128222
Slovakia,High,High,2016,,,,,0.700098515,-0.064810812,67.824996948,5.993163109,10.286281586,0.232091576,0.916609168,0.688296258,0.945179105
Slovenia,High,High,2016,,,,,0.903551102,-0.060392868,70.175003052,5.936821461,10.458895683,0.271624178,0.838474393,0.597172439,0.934487343
Somalia,High,Medium,2016,,,,,0.917322814,0.068985149,48.5,4.667941093,6.981190205,0.193282232,0.440801740,0.772739649,0.594416559
South Africa,High,High,2016,,,,,0.774136424,-0.081998058,54.625,4.769739628,9.535627365,0.301327765,0.812858999,0.742890537,0.875389755
South Korea,Medium,High,2016,,,,,0.590956032,0.020464916,72.275001526,5.970564365,10.591990471,0.232732683,0.861816347,0.583131433,0.811163485
South Sudan,Medium,Medium,2016,,,,,0.439919025,,53.174999237,2.888112307,,0.549256921,0.785317779,0.593741238,0.532151818
Spain,High,High,2016,,,,,0.768173754,-0.053963561,71.724998474,6.318612099,10.558347702,0.300829351,0.818558574,0.629933596,0.941736817
State of Palestine,Medium,High,2016,,,,,0.607669413,-0.151452482,,4.906618118,8.737954140,0.377641797,0.812464654,0.543776095,0.817770958
Sweden,High,High,2016,,,,,0.918036401,0.140747845,71.525001526,7.368744373,10.846117020,0.200606912,0.246182442,0.752162457,0.912060678
Switzerland,High,High,2016,,,,,0.933947086,0.080872230,71.900001526,7.458519936,11.125900269,0.206316724,0.301562965,0.758317292,0.927628279
TÃ¼rkiye,Medium,High,2016,,,,,0.644146740,-0.069762021,67.875,5.326221943,10.165735245,0.389962941,0.763706565,0.413586646,0.879994631
Taiwan Province of China,High,High,2016,,,,,0.718925178,-0.048644729,,6.512850761,10.768047333,0.108305417,0.810521007,0.742680013,0.894989252
Tajikistan,High,High,2016,,,,,0.703026891,0.000949555,61.549999237,5.103721142,8.036322594,0.219799668,0.631887853,0.587447524,0.856656969
Tanzania,High,Medium,2016,,,,,0.775484920,0.175473228,57.150001526,2.902734280,7.774961472,0.245985955,0.739247262,0.649170816,0.637755930
Thailand,High,High,2016,,,,,0.924145699,0.351744801,68.074996948,6.073639870,9.704628944,0.217879668,0.877978384,0.810856104,0.907543659
Togo,High,Medium,2016,,,,,0.730286777,-0.030761410,54.700000763,3.878578424,7.569278717,0.482885897,0.815044165,0.610478222,0.509440958
Tunisia,Medium,High,2016,,,,,0.614438355,-0.172053352,66.75,4.521453381,9.282791138,0.378108263,0.810745656,0.531927884,0.701822102
Turkmenistan,High,High,2016,,,,,0.748504400,0.001532441,61.799999237,5.887051582,9.479299545,0.255499244,,0.559697390,0.929032266
Uganda,High,High,2016,,,,,0.739409745,0.124506071,56.775001526,4.233261108,7.667255402,0.410066664,0.811069787,0.664561212,0.753540218
Ukraine,Medium,High,2016,,,,,0.502541900,0.004896227,63.924999237,4.028690338,9.353255272,0.219624251,0.891075134,0.549968243,0.884961367
United Arab Emirates,High,High,2016,,,,,0.949119508,0.119985878,65.550003052,6.830950260,11.173873901,0.244667903,,0.739080667,0.849379838
United Kingdom,High,High,2016,,,,,0.821192145,0.244465992,69.800003052,6.824283600,10.721307755,0.229586780,0.458313286,0.732421219,0.954068184
United States,High,High,2016,,,,,0.757893085,0.138015807,66.474998474,6.803599834,10.984716415,0.264203817,0.738919556,0.736573935,0.896751285
Uruguay,High,High,2016,,,,,0.886371911,-0.084854357,67.5,6.171485424,10.045052528,0.283180267,0.676212788,0.734732747,0.900380909
Uzbekistan,High,High,2016,,,,,0.983803034,0.199270234,63.799999237,5.892539024,8.804467201,0.146897659,,0.771257460,0.945102155
Venezuela,Medium,High,2016,,,,,0.457601577,-0.059512187,64.925003052,4.041114807,7.602412224,0.391754121,0.890124679,0.675662339,0.901949286
Vietnam,High,High,2016,,,,,0.894351125,-0.111974694,65,5.062267303,9.053183556,0.222550198,0.799240172,0.487257183,0.876323581
Yemen,Medium,High,2016,,,,,0.532964051,-0.144254595,58.174999237,3.825630903,7.552322388,0.227924526,,0.401007384,0.775407016
Zambia,High,High,2016,,,,,0.811574519,0.118863039,53.125,4.347543716,8.126893044,0.372240722,0.770643592,0.687513888,0.767046630
Zimbabwe,High,High,2016,,,,,0.732971489,-0.081931815,51.674999237,3.735400200,7.734831333,0.208554924,0.723612010,0.685255527,0.768425405
Italy,Medium,High,2017,,,,,0.632843256,-0.040705342,71.75,6.198870182,10.635401726,0.322846144,0.866667926,0.612839162,0.919791222
Ivory Coast,High,Medium,2017,,,,,0.732097924,-0.115955144,53.650001526,5.037734985,8.483853340,0.357455790,0.770940244,0.662436187,0.661375344
Jamaica,High,High,2017,,,,,0.860676348,-0.137951121,66.599998474,5.889759064,9.208796501,0.243399635,0.882796168,0.700021863,0.913029850
Japan,High,High,2017,,,,,0.849396586,-0.212972492,73.849998474,5.910676479,10.632103920,0.175512180,0.659198642,0.691762567,0.881961286
Jordan,High,High,2017,,,,,0.766262472,-0.156083867,67.599998474,4.808082581,9.172545433,0.391505182,,0.554431915,0.814664543
Kazakhstan,High,High,2017,,,,,0.745243967,-0.040670585,64.199996948,5.882351398,10.121134758,0.171486408,0.755250692,0.697624922,0.914093196
Kenya,High,High,2017,,,,,0.853394389,0.224562883,56.900001526,4.475654125,8.369367599,0.230210304,0.854000390,0.753860414,0.714604318
Kosovo,High,High,2017,,,,,0.857676744,0.112242274,,6.149199963,9.253032684,0.185879096,0.925191820,0.616912186,0.792087257
Kuwait,High,High,2017,,,,,0.884181619,-0.009533900,70.150001526,6.093905449,10.819924355,0.307320803,,0.648667634,0.853491306
Kyrgyzstan,High,High,2017,,,,,0.859389782,0.137672693,64.75,5.629536629,8.526488304,0.160438314,0.874494493,0.640433192,0.882586658
Laos,High,High,2017,,,,,0.891000748,0.068111248,59.900001526,4.623140812,8.883399010,0.344225883,0.591616809,0.712308228,0.707335770
Latvia,Medium,High,2017,,,,,0.699520111,-0.160807416,66,5.977817535,10.263731003,0.231753111,0.798378110,0.564854801,0.895098746
Lebanon,Medium,High,2017,,,,,0.604554176,-0.087547764,65.849998474,5.153989792,9.787406921,0.243549213,0.910727262,0.469468743,0.776583016
Lesotho,High,High,2017,,,,,0.756505191,-0.144356936,42.900001526,3.795300722,7.852320194,0.255303085,0.796859443,0.706036747,0.768551648
Liberia,High,Medium,2017,,,,,0.733389914,-0.017873023,53.700000763,4.424490929,7.335249901,0.391330540,0.866806388,0.673801899,0.684866846
Libya,High,High,2017,,,,,0.778695881,-0.068278141,64.75,5.646852493,10.094641685,0.379374176,0.673065543,0.643042386,0.822758794
Lithuania,High,High,2017,,,,,0.749307334,-0.179372266,66,6.272940636,10.427087784,0.195118830,0.789709866,0.590111554,0.926316619
Luxembourg,High,High,2017,,,,,0.902821720,0.036434427,71.550003052,7.061380863,11.652564049,0.184467003,0.330173582,0.725731790,0.905435503
Madagascar,Medium,Medium,2017,,,,,0.570347905,-0.036630675,56.799999237,4.078620434,7.344820023,0.374838024,0.847260773,0.701161802,0.626331985
Malawi,High,Medium,2017,,,,,0.847920775,-0.004201134,56,3.416862965,7.282608032,0.312088341,0.734636605,0.591678917,0.555422723
Mali,High,High,2017,,,,,0.753213346,-0.071506597,53.799999237,4.741850376,7.675010204,0.392784148,0.862655163,0.664621234,0.741359413
Malta,High,High,2017,,,,,0.923642933,0.243530750,71.400001526,6.675665855,10.680718422,0.302443117,0.690494537,0.665943563,0.937331796
Mauritania,Medium,High,2017,,,,,0.527446806,-0.160853848,59.349998474,4.678159714,8.567708969,0.272321939,0.777314067,0.630861044,0.779225230
Mauritius,High,High,2017,,,,,0.912307501,0.078561515,63.950000763,6.174117565,10.005313873,0.168721184,0.818179905,0.682493925,0.910142243
Mexico,High,High,2017,,,,,0.861405134,-0.208200395,65.800003052,6.410299301,9.905106544,0.230990887,0.800893068,0.775285363,0.799839377
Moldova,Medium,High,2017,,,,,0.552825212,-0.057388533,63.700000763,5.325530529,9.346968651,0.259477794,0.926333785,0.562596619,0.830767930
Mongolia,Medium,High,2017,,,,,0.674627423,0.112303622,60.099998474,5.333850384,9.344127655,0.213599518,0.864952207,0.551654160,0.924250782
Montenegro,Medium,High,2017,,,,,0.625906289,-0.088865317,66.800003052,5.614798546,9.887475014,0.349785089,0.755680025,0.493103802,0.881199837
Morocco,High,Medium,2017,,,,,0.814258039,-0.227031633,63.5,5.312482834,8.977351189,0.322715908,0.840502441,0.500609040,0.641193092
Mozambique,High,Medium,2017,,,,,0.822670519,-0.035094570,49.5,4.279863358,7.160251617,0.353176504,0.682108939,0.641999900,0.678463697
Myanmar,High,High,2017,,,,,0.886011839,0.651443303,60.25,4.154341698,8.369377136,0.282285541,0.618821502,0.616757214,0.795183837
Namibia,High,High,2017,,,,,0.810401857,-0.197609693,55.349998474,4.441306114,9.243317604,0.277252167,0.831302881,0.697479606,0.828339040
Nepal,High,High,2017,,,,,0.845147610,0.119771995,60.75,4.736692429,8.159239769,0.375977933,0.770177126,0.462730408,0.816383302
Netherlands,High,High,2017,,,,,0.920319736,0.244688243,71.25,7.458965302,10.916698456,0.184519842,0.363133639,0.729161143,0.936501324
New Zealand,High,High,2017,,,,,0.942279458,0.286919743,70.050003052,7.327182770,10.650287628,0.171716571,0.221887484,0.762818158,0.954920650
Nicaragua,High,High,2017,,,,,0.922162771,0.005833108,65.349998474,6.476356506,8.685310364,0.308447897,0.672963321,0.793321192,0.838043690
Niger,Medium,Medium,2017,,,,,0.683557570,-0.034799431,54.799999237,4.615673542,7.052698135,0.426522374,0.777660012,0.698577642,0.582109571
Nigeria,High,High,2017,,,,,0.825905561,0.119956717,53.75,5.321928024,8.540910721,0.235968769,0.834891975,0.682211101,0.733468533
North Macedonia,High,High,2017,,,,,0.752106607,-0.065312468,65.699996948,5.233866692,9.661828995,0.299390584,0.855697274,0.446869999,0.799955130
Norway,High,High,2017,,,,,0.953016818,0.228408232,71.300003052,7.578744888,11.075807571,0.202913806,0.249711379,0.800106227,0.950127661
Pakistan,High,Medium,2017,,,,,0.712657094,0.035092875,56.349998474,5.830870628,8.495299339,0.308341086,0.713928223,0.488859296,0.690263569
Panama,High,High,2017,,,,,0.899573505,-0.178203568,68.5,6.567658901,10.362118721,0.242319331,0.840777099,0.795368135,0.911904812
Paraguay,High,High,2017,,,,,0.891171455,-0.008051349,65.699996948,5.713295460,9.518132210,0.231783673,0.809900761,0.820329726,0.902042508
Peru,High,High,2017,,,,,0.826552153,-0.159627944,69.150001526,5.710936546,9.428893089,0.393873721,0.895384133,0.767763197,0.830123365
Philippines,High,High,2017,,,,,0.925703108,-0.145832226,61.950000763,5.594270229,8.987416267,0.340621501,0.711165547,0.753483713,0.851028562
Poland,High,High,2017,,,,,0.830842614,-0.127201244,68.349998474,6.201268196,10.307556152,0.203387797,0.639479935,0.565854669,0.881854117
Portugal,High,High,2017,,,,,0.905065656,-0.181714192,70.75,5.711499214,10.405616760,0.294272572,0.880970538,0.607893229,0.899984837
Romania,High,High,2017,,,,,0.838586688,-0.165002108,66.550003052,6.089904785,10.201491356,0.230836198,0.925658047,0.632110655,0.811240137
Russia,High,High,2017,,,,,0.730874240,-0.150597990,63.450000763,5.578742981,10.163019180,0.194560528,0.861590207,0.650563896,0.896151304
Rwanda,High,Medium,2017,,,,,0.908114851,0.047803402,59.549999237,3.108373880,7.567848682,0.358309627,0.213757217,0.724039674,0.516550004
Saudi Arabia,High,High,2017,,,,,0.814142168,-0.137548983,63.599998474,6.294282436,10.769576073,0.305841893,,0.702724814,0.840086281
Senegal,Medium,High,2017,,,,,0.686937034,-0.049960148,58.799999237,4.683024883,8.089234352,0.290836066,0.825241864,0.751474380,0.743759334
Serbia,Medium,High,2017,,,,,0.684846342,-0.083528295,66.650001526,5.122031212,9.717823029,0.326407075,0.851457834,0.484643012,0.883770406
Sierra Leone,High,Medium,2017,,,,,0.710613549,0.076324560,51.299999237,4.089562416,7.373697758,0.495040029,0.848398328,0.606894493,0.652287126
Singapore,High,High,2017,,,,,0.926127851,0.129030988,73.400001526,6.378437996,11.465143204,0.179324552,0.161790684,0.749874413,0.897349894
Slovakia,High,High,2017,,,,,0.714224696,-0.058620460,68.050003052,6.365509033,10.313687325,0.212722480,0.920422673,0.709385633,0.913386643
Slovenia,High,High,2017,,,,,0.920862675,-0.030686554,70.349998474,6.166837692,10.505274773,0.285601437,0.828794718,0.582310796,0.928187847
South Africa,High,High,2017,,,,,0.787427902,-0.140966266,55.150001526,4.513655186,9.543267250,0.268175244,0.864781916,0.708703458,0.870313287
South Korea,Medium,High,2017,,,,,0.538113713,0.008450351,72.550003052,5.873887062,10.620287895,0.234825626,0.850690424,0.545988142,0.806929946
South Sudan,Medium,Medium,2017,,,,,0.456011087,,53.349998474,2.816622496,,0.517363787,0.761269629,0.564999282,0.556822658
Spain,High,High,2017,,,,,0.755560756,-0.038002219,71.849998474,6.230173111,10.585325241,0.302387655,0.791268766,0.601178527,0.903158188
Sri Lanka,High,High,2017,,,,,0.827077389,0.082873240,66.800003052,4.330945492,9.513737679,0.269727528,0.844210029,0.728681266,0.822770596
State of Palestine,Medium,High,2017,,,,,0.631611288,-0.185715392,,4.628132820,8.733620644,0.416072041,0.830646336,0.533918321,0.824345112
Sweden,High,High,2017,,,,,0.934582114,0.165284082,71.650001526,7.286804676,10.857997894,0.175066829,0.239366919,0.756171644,0.914016783
Switzerland,High,High,2017,,,,,0.924996912,0.172508076,72.099998474,7.473593235,11.130105019,0.195871487,0.316183478,0.733584106,0.949661374
TÃ¼rkiye,Medium,High,2017,,,,,0.644434214,-0.242181242,68.050003052,5.607262135,10.224948883,0.312846124,0.670910537,0.393166780,0.876467824
Taiwan Province of China,High,High,2017,,,,,0.759654760,-0.069619223,,6.359450817,10.774065971,0.114123158,0.742780089,0.715303183,0.891119123
Tajikistan,High,Medium,2017,,,,,0.832002461,0.115745425,61.700000763,5.829234123,8.082228661,0.277725339,0.718336880,0.580617487,0.662693322
Tanzania,High,High,2017,,,,,0.800495505,0.112471662,57.599998474,3.347121239,7.806948185,0.255335689,0.653606057,0.662317872,0.705010295
Thailand,High,High,2017,,,,,0.922896802,0.208476365,68.150001526,5.938895226,9.741441727,0.231597617,0.883816779,0.775898397,0.877268732
Togo,High,Medium,2017,,,,,0.716694415,-0.066011131,55.200000763,4.360805035,7.587156773,0.425824255,0.725519598,0.614387572,0.507805228
Trinidad and Tobago,High,High,2017,,,,,0.859140456,0.009630375,65.699996948,6.191859722,10.174045563,0.248098806,0.911336362,0.763025999,0.916029036
Tunisia,Medium,High,2017,,,,,0.477956653,-0.225980371,66.800003052,4.124342918,9.294217110,0.377196848,0.868826747,0.366641402,0.717381597
Turkmenistan,High,High,2017,,,,,0.720399201,0.062947333,61.900001526,5.229148865,9.525407791,0.349627674,,0.487965137,0.908454895
Uganda,High,High,2017,,,,,0.772344112,0.052784584,57.25,4.000516891,7.663124561,0.400025725,0.815770030,0.688604355,0.739956141
Ukraine,Medium,High,2017,,,,,0.598875523,-0.007828428,64.050003052,4.311067104,9.380973816,0.234763831,0.936764002,0.528048277,0.858324885
United Arab Emirates,High,High,2017,,,,,0.962016642,0.205550283,65.699996948,7.039419651,11.173000336,0.207598448,,0.737348914,0.835527360
United Kingdom,High,High,2017,,,,,0.812733293,0.285003394,69.900001526,7.103273392,10.738656044,0.209572420,0.418611348,0.712404668,0.937495291
United States,High,High,2017,,,,,0.868496716,0.191263750,66.349998474,6.991759300,11.000560760,0.268269062,0.681191266,0.754558206,0.921002865
Uruguay,High,High,2017,,,,,0.897851646,-0.103797108,67.5,6.336009979,10.059839249,0.280323356,0.626581967,0.742276073,0.913801670
Uzbekistan,High,High,2017,,,,,0.985177755,0.113638677,64.099998474,6.421447754,8.830646515,0.202737495,0.464641601,0.745110095,0.942131102
Venezuela,Medium,High,2017,,,,,0.635505021,0.050078899,64.75,5.070750713,5.943209171,0.362984866,0.843969226,0.697486162,0.895879328
Vietnam,High,High,2017,,,,,,,65.099998474,5.175278664,9.110595703,,,,
Yemen,Medium,High,2017,,,,,0.595190763,-0.127761722,57.950000763,3.253560066,7.243477345,0.295063585,,0.368106306,0.789555013
Zambia,High,High,2017,,,,,0.823168576,0.136950701,53.549999237,3.932777405,8.130200386,0.387188882,0.739540637,0.660320103,0.743753910
Zimbabwe,High,High,2017,,,,,0.752826095,-0.084104940,52.150001526,3.638300180,7.754387379,0.224051341,0.751208007,0.733641446,0.754147053
Italy,Medium,High,2018,,,,,0.650009274,-0.026956474,71.824996948,6.516526699,10.646517754,0.402975351,0.887824833,0.597976208,0.912656128
Ivory Coast,High,Medium,2018,,,,,0.712590039,-0.054104988,54.224998474,5.268374920,8.505483627,0.385631382,0.790966868,0.658914387,0.620882571
Japan,High,High,2018,,,,,0.773472130,-0.268455565,73.974998474,5.793575287,10.639785767,0.185300156,0.686784506,0.649402797,0.886431932
Jordan,High,High,2018,,,,,0.762420297,-0.189418882,67.599998474,4.638933659,9.167902946,,,,0.799544334
Kazakhstan,High,High,2018,,,,,0.840182960,-0.103870273,64.599998474,6.007636070,10.148171425,0.161542282,0.823782980,0.610876977,0.936656713
Kenya,High,High,2018,,,,,0.821412981,0.281633586,57.299999237,4.655702591,8.403982162,0.236920774,0.844244063,0.746773899,0.706719875
Kosovo,High,High,2018,,,,,0.889737010,0.264134467,,6.391825676,9.283142090,0.170248464,0.922078192,0.642223597,0.822406530
Kyrgyzstan,High,High,2018,,,,,0.944947660,0.261546761,65.275001526,5.297383308,8.543475151,0.203300148,0.907405317,0.616886437,0.898147821
Laos,High,High,2018,,,,,0.906660974,0.136109173,60.200000763,4.859402180,8.928816795,0.331882507,0.634239852,0.710656404,0.704738140
Latvia,Medium,High,2018,,,,,0.608207643,-0.218490034,66.099998474,5.901154041,10.310664177,0.191870555,0.798949242,0.520551920,0.913276315
Lebanon,Medium,High,2018,,,,,0.607030690,-0.081176855,65.925003052,5.167186737,9.794652939,0.270688891,0.906650305,0.415106893,0.829380631
Liberia,High,High,2018,,,,,0.765769541,0.043704376,54.299999237,4.134852886,7.327605247,0.436099499,0.867924094,0.664399087,0.726750135
Libya,High,High,2018,,,,,0.780558527,-0.145536587,64.974998474,5.493977547,10.155574799,0.398903102,0.645838797,0.635468781,0.824165165
Lithuania,Medium,High,2018,,,,,0.698945105,-0.242734030,66.349998474,6.308878899,10.475785255,0.213559717,0.851745069,0.518092513,0.929350138
Luxembourg,High,High,2018,,,,,0.883929849,-0.028108088,71.574996948,7.242630959,11.645395279,0.201894343,0.385146111,0.714694262,0.902192414
Madagascar,Medium,Medium,2018,,,,,0.551473081,0.000117579,57.049999237,4.070586681,7.350723267,0.362013817,0.889145672,0.723371804,0.665512979
Malawi,High,Medium,2018,,,,,0.798915148,0.042812727,56.549999237,3.334633589,7.298732281,0.364894032,0.765963793,0.548135459,0.527843475
Malaysia,High,High,2018,,,,,0.874548256,0.123329587,65.724998474,5.338817596,10.197492599,0.200366735,0.894131124,0.716042221,0.789408565
Maldives,High,High,2018,,,,,0.854759276,0.013449509,69.775001526,5.197574615,9.892906189,,,,0.913315058
Mali,High,Medium,2018,,,,,0.737204552,-0.035878658,54.200000763,4.415729523,7.689634323,0.369648188,0.793091416,0.688584208,0.691859066
Malta,High,High,2018,,,,,0.927340686,0.170255825,71.449996948,6.909710884,10.705389023,0.295698792,0.595199883,0.666130424,0.931541502
Mauritania,Medium,High,2018,,,,,0.466888547,-0.121463910,59.575000763,4.313615322,8.588065147,0.275557995,0.710529268,0.665246367,0.801595509
Mauritius,High,High,2018,,,,,0.866928101,-0.081467427,63.924999237,5.881740570,10.044054031,0.157993257,0.785249710,0.710393310,0.908841550
Mexico,High,High,2018,,,,,0.816200495,-0.185954601,65.800003052,6.549578667,9.917302132,0.213254362,0.808638096,0.815285325,0.858068883
Moldova,High,High,2018,,,,,0.823824346,-0.088737562,64.099998474,5.682277203,9.404485703,0.270072460,0.928719878,0.584049761,0.892079890
Mongolia,Medium,High,2018,,,,,0.695546806,0.047507260,60.200000763,5.464622974,9.397009850,0.191890299,0.848502219,0.524843872,0.941514134
Montenegro,Medium,High,2018,,,,,0.626431286,-0.057014644,66.900001526,5.650189877,9.937240601,0.354935259,0.768922508,0.527320683,0.855979621
Morocco,High,Medium,2018,,,,,0.773180425,-0.245712563,63.599998474,4.896791935,8.996167183,0.415981561,0.843172729,0.574673593,0.553759754
Mozambique,High,High,2018,,,,,0.896621585,0.043445773,49.950000763,4.653713703,7.164641380,0.397278726,0.691220403,0.620294690,0.738480449
Myanmar,High,High,2018,,,,,0.906110823,0.492082626,60.575000763,4.410633087,8.424262047,0.300140351,0.646725893,0.640497804,0.773825943
Namibia,High,High,2018,,,,,0.753904760,-0.176770657,55.724998474,4.834087849,9.236609459,0.240249082,0.845942497,0.696077943,0.864214778
Nepal,High,High,2018,,,,,0.770093679,0.107328981,61.025001526,4.910086632,8.221292496,0.386792421,0.741752803,0.457212508,0.768335521
Netherlands,High,High,2018,,,,,0.919985175,0.155896276,71.324996948,7.463097095,10.934194565,0.204794183,0.370557785,0.747976542,0.939443171
New Zealand,High,High,2018,,,,,0.949300170,0.113347009,70.125,7.370285988,10.667019844,0.167951450,0.206580222,0.785058856,0.953862727
Nicaragua,High,High,2018,,,,,0.797056854,0.004429166,65.425003052,5.818952560,8.637048721,0.408349842,0.712824762,0.742867589,0.854276538
Niger,High,Medium,2018,,,,,0.790665627,0.004175232,55.150001526,5.164007187,7.084448814,0.502554536,0.637166798,0.758703887,0.612025678
Nigeria,High,High,2018,,,,,0.789881051,-0.014598273,54.075000763,5.252288342,8.534989357,0.256469876,0.865602672,0.761656404,0.740854204
North Macedonia,High,High,2018,,,,,0.744800925,-0.047963154,65.900001526,5.239834785,9.689401627,0.298352867,0.909934342,0.511837602,0.848915160
Norway,High,High,2018,,,,,0.960429013,0.086401843,71.349998474,7.444262028,11.077462196,0.211862370,0.268201441,0.785607040,0.965961933
Pakistan,High,Medium,2018,,,,,0.772569120,0.058168836,56.625,5.471553802,8.539626122,0.376706064,0.798841655,0.469722837,0.685059488
Panama,High,High,2018,,,,,0.861448109,-0.139361471,68.599998474,6.281434059,10.381559372,0.222598746,0.836930990,0.840996861,0.904389799
Peru,High,High,2018,,,,,0.829641998,-0.183639124,69.324996948,5.679661274,9.449060440,0.380032867,0.906244636,0.783017695,0.845301390
Philippines,High,High,2018,,,,,0.917808175,-0.112193540,61.974998474,5.869172573,9.031899452,0.393481076,0.726483345,0.756184340,0.845803261
Poland,High,High,2018,,,,,0.870215118,-0.260298640,68.525001526,6.111485004,10.365309715,0.176010624,0.720451355,0.622175872,0.863444209
Portugal,High,High,2018,,,,,0.877404213,-0.267363310,70.875,5.919822693,10.435313225,0.317994744,0.879727840,0.645731986,0.887113273
Romania,High,High,2018,,,,,0.845159590,-0.223677397,66.675003052,6.150878906,10.265909195,0.298453927,0.921170175,0.648865998,0.817930460
Russia,High,High,2018,,,,,0.729282200,-0.152975500,63.825000763,5.513500214,10.190785408,0.198796302,0.865311563,0.615011394,0.908726096
Rwanda,High,Medium,2018,,,,,0.924231648,0.053258538,59.875,3.561046600,7.625445366,0.308199167,0.163809955,0.765132010,0.616172731
Saudi Arabia,High,High,2018,,,,,0.854921520,-0.198484197,63.799999237,6.356393337,10.772982597,0.288379908,,0.695532978,0.867848396
Senegal,Medium,High,2018,,,,,0.629223466,-0.080009386,59.099998474,4.769377232,8.122329712,0.247074723,0.804779470,0.724179924,0.739354789
Serbia,High,High,2018,,,,,0.739891827,-0.105676442,66.775001526,5.936493397,9.767256737,0.296295851,0.863723576,0.527079105,0.852945328
Sierra Leone,High,Medium,2018,,,,,0.716484487,0.092584632,52.099998474,4.305683136,7.384190083,0.466266662,0.855733216,0.533417523,0.649638355
Singapore,High,High,2018,,,,,0.916078210,-0.072510466,73.5,6.374564171,11.495575905,0.106870778,0.096562929,0.731057048,0.902840674
Slovakia,High,High,2018,,,,,0.757634044,-0.171614125,68.275001526,6.235110760,10.351815224,0.253190041,0.909944654,0.669736266,0.922378719
Slovenia,High,High,2018,,,,,0.942045867,-0.124833822,70.525001526,6.249419212,10.545228958,0.275484860,0.839252532,0.601195991,0.940971196
South Africa,High,High,2018,,,,,0.752731323,-0.063235320,55.674999237,4.883922100,9.546120644,0.282708496,0.841192603,0.735954940,0.841343999
South Korea,Medium,High,2018,,,,,0.600161672,-0.095010556,72.824996948,5.840231419,10.644612312,0.217145726,0.796825886,0.578780234,0.797723830
Spain,High,High,2018,,,,,0.722250700,-0.080874793,71.974998474,6.513370991,10.603533745,0.357190847,0.776504457,0.635578990,0.910314679
Sri Lanka,High,High,2018,,,,,0.858873606,0.095614053,66.900001526,4.435023785,9.529016495,0.301813632,0.855907619,0.773361444,0.832882166
State of Palestine,Medium,High,2018,,,,,0.654534519,-0.162764981,,4.553921700,8.717741013,0.418928534,0.813779533,0.528392315,0.819479287
Sweden,High,High,2018,,,,,0.941724658,0.071695581,71.775001526,7.374792099,10.865694046,0.160755426,0.262796581,0.746743917,0.930679560
Switzerland,High,High,2018,,,,,0.926414549,0.093608119,72.300003052,7.508586884,11.150940895,0.191520154,0.301259965,0.755630374,0.930290997
TÃ¼rkiye,Medium,High,2018,,,,,0.528629065,-0.181100458,68.224998474,5.185689449,10.245586395,0.350773096,0.804878533,0.379292220,0.847027302
Taiwan Province of China,High,High,2018,,,,,0.741032779,-0.178698182,,6.467004776,10.780801773,0.092695646,0.735970736,0.745919168,0.896458745
Tajikistan,High,High,2018,,,,,,-0.073713459,61.849998474,5.497468948,8.133033752,0.219793811,0.577945948,0.631739080,0.875243485
Tanzania,High,Medium,2018,,,,,0.807142138,0.150271788,58.049999237,3.445023298,7.828359127,0.221005499,0.611534059,0.701750636,0.675330400
Thailand,High,High,2018,,,,,0.904828250,0.254773974,68.224998474,6.011561871,9.779569626,0.198190212,0.906596005,0.782850683,0.873052418
Togo,Medium,Medium,2018,,,,,0.611966252,-0.030869940,55.700000763,4.022894859,7.612874985,0.446454376,0.808537722,0.601868391,0.596353889
Tunisia,Medium,High,2018,,,,,0.649680078,-0.198502943,66.849998474,4.741132259,9.309884071,0.365014285,0.840116620,0.535870433,0.732953548
Turkmenistan,High,High,2018,,,,,0.857774079,0.256551981,62,4.620601654,9.569492340,0.189024538,,0.567175508,0.984488964
Uganda,High,High,2018,,,,,0.728512764,0.071644254,57.724998474,4.321714878,7.690243721,0.390319228,0.856106222,0.686664224,0.739841044
Ukraine,Medium,High,2018,,,,,0.663055062,-0.079991035,64.175003052,4.661909103,9.420351982,0.221851483,0.942960739,0.550485551,0.900936723
United Arab Emirates,High,High,2018,,,,,0.943664372,0.043080769,65.849998474,6.603743553,11.178159714,0.302041829,,0.722823083,0.851041317
United Kingdom,High,High,2018,,,,,0.837508380,0.219791621,70,7.233445168,10.749503136,0.228275612,0.404276013,0.736233234,0.928483903
United States,High,High,2018,,,,,0.824606657,0.110046245,66.224998474,6.882684708,11.024325371,0.292226255,0.709928274,0.757445514,0.903856039
Uruguay,High,High,2018,,,,,0.876210928,-0.108686477,67.5,6.371714592,10.059984207,0.274945587,0.682916045,0.774895191,0.917315602
Uzbekistan,High,High,2018,,,,,0.969897985,0.308394700,64.400001526,6.205460072,8.870410919,0.208660305,0.520360112,0.746031344,0.920821011
Venezuela,Medium,High,2018,,,,,0.610855222,0.067952432,64.574996948,5.005663395,5.935121536,0.373657614,0.827560008,0.723259926,0.886882067
Vietnam,High,High,2018,,,,,0.909259796,-0.063384116,65.199996948,5.295547009,9.173262596,0.191061363,0.808422983,0.614404261,0.831945240
Yemen,Medium,High,2018,,,,,0.552726090,-0.127163157,57.724998474,3.057513952,7.443574429,0.314869940,0.792586863,0.409409612,0.789421916
Zambia,High,High,2018,,,,,0.790625930,0.044852931,53.974998474,4.041488171,8.139133453,0.350962847,0.810731292,0.662484407,0.717720389
Zimbabwe,High,High,2018,,,,,0.762674868,-0.054583777,52.625,3.616479874,7.783066273,0.211725846,0.844208658,0.657523572,0.775388479
Italy,High,High,2019,,,,,0.709478855,-0.088116989,71.900001526,6.445416927,10.662868500,0.327960074,0.865528047,0.568893611,0.838402450
Ivory Coast,High,Medium,2019,,,,,0.735711992,-0.021160232,54.799999237,5.392012119,8.543317795,0.425407171,0.799271226,0.663475573,0.679386020
Jamaica,High,High,2019,,,,,0.890670836,-0.145812511,66.599998474,6.309238911,9.234482765,0.195284143,0.885330021,0.721723378,0.877814472
Japan,High,High,2019,,,,,0.806471527,-0.261006534,74.099998474,5.908039093,10.637160301,0.194410384,0.617187858,0.693276763,0.877650917
Jordan,High,High,2019,,,,,0.725755811,-0.167584807,67.599998474,4.452548027,9.162689209,,,,0.792559683
Kazakhstan,High,High,2019,,,,,0.852387428,-0.060878053,65,6.272268295,10.179291725,0.139132932,0.708279192,0.711475492,0.951050103
Kenya,High,Medium,2019,,,,,0.817757487,0.300403923,57.700000763,4.618850231,8.434075356,0.250687122,0.794370294,0.727640748,0.675931633
Kosovo,High,High,2019,,,,,0.841189623,0.241699770,,6.425144196,9.334190369,0.140792355,0.920297265,0.611600041,0.842511177
Kuwait,High,High,2019,,,,,0.867273808,-0.106481396,70.099998474,6.106119633,10.764578819,0.302876323,,0.643222094,0.841519773
Kyrgyzstan,High,High,2019,,,,,0.920436263,-0.007796360,65.800003052,5.685220718,8.567575455,0.207229063,0.884539902,0.624949574,0.877027869
Laos,High,High,2019,,,,,0.906153440,0.055470001,60.5,5.196856022,8.967002869,0.306144267,0.620233715,0.718399763,0.729443908
Latvia,Medium,High,2019,,,,,0.697935104,-0.200370580,66.199996948,5.969753742,10.342988968,0.211630687,0.789227486,0.537305117,0.935501277
Lebanon,Medium,High,2019,,,,,0.447001487,-0.097874761,66,4.024219513,9.751794815,0.494499028,0.890415609,0.307577401,0.865968525
Lesotho,High,High,2019,,,,,0.716313541,-0.127021894,44.200000763,3.511780500,7.804670334,0.273425519,0.914951444,0.707126319,0.789705396
Liberia,High,High,2019,,,,,0.705874562,0.044265334,54.900001526,5.121460915,7.283199310,0.389132589,0.828468978,0.644704163,0.712473750
Libya,High,High,2019,,,,,0.761964321,-0.106712773,65.199996948,5.330222130,10.022844315,0.400737435,0.686412990,0.628867805,0.826719344
Lithuania,High,High,2019,,,,,0.780266464,-0.257844418,66.699996948,6.064097881,10.523646355,0.276054353,0.782501221,0.568049610,0.917577505
Luxembourg,High,High,2019,,,,,0.930321217,-0.051407803,71.599998474,7.404015541,11.648701668,0.211639807,0.389598429,0.741738081,0.912104547
Madagascar,Medium,High,2019,,,,,0.549535215,-0.014780361,57.299999237,4.339087486,7.368637085,0.303959668,0.719982684,0.698719621,0.700610101
Malawi,High,Medium,2019,,,,,0.764864206,-0.027021930,57.099998474,3.869123697,7.324953556,0.348162442,0.680247962,0.516828775,0.548956096
Malaysia,High,High,2019,,,,,0.915778697,0.119171992,65.699996948,5.427954197,10.228262901,0.176071689,0.781943917,0.734578729,0.842498839
Mali,Medium,High,2019,,,,,0.670405090,-0.039548751,54.599998474,4.987991810,7.704833031,0.357764512,0.846340001,0.645860672,0.754558086
Malta,High,High,2019,,,,,0.923966825,0.077094093,71.5,6.732977390,10.733817101,0.356243938,0.689410567,0.641677618,0.921578526
Mauritania,Medium,High,2019,,,,,0.627505183,-0.111352354,59.799999237,4.152619362,8.613529205,0.259738505,0.742890298,0.686362624,0.798101962
Mauritius,High,High,2019,,,,,0.893157899,-0.060695957,63.900001526,6.241165161,10.072235107,0.149362728,0.810200810,0.734807193,0.913134277
Mexico,High,High,2019,,,,,0.903384447,-0.147811472,65.800003052,6.431945324,9.906707764,0.251983017,0.808537602,0.802921176,0.851685822
Moldova,High,High,2019,,,,,0.783664584,-0.096622422,64.5,5.803450584,9.455395699,0.261620939,0.883822501,0.599834442,0.809167087
Mongolia,High,High,2019,,,,,0.710675180,0.142428294,60.299999237,5.562905312,9.430119514,0.166921392,0.873166919,0.562204599,0.945758104
Montenegro,Medium,High,2019,,,,,0.694162488,-0.111129127,67,5.386024952,9.977386475,0.365958124,0.819997370,0.546632111,0.831624925
Morocco,High,Medium,2019,,,,,0.756747842,-0.256197214,63.700000763,5.056751728,9.014033318,0.409911573,0.756867409,0.534888625,0.534804046
Mozambique,High,High,2019,,,,,0.869810224,0.067550935,50.400001526,4.932132721,7.158656120,0.384122759,0.681900442,0.587998033,0.742303729
Myanmar,High,High,2019,,,,,0.899064302,0.560276985,60.900001526,4.434237480,8.482505798,0.285576224,0.681795835,0.638367534,0.762994885
Namibia,High,High,2019,,,,,0.739034534,-0.181955025,56.099998474,4.435811043,9.211297989,0.256160736,0.879070699,0.643716514,0.844592154
Nepal,High,High,2019,,,,,0.790347695,0.151857868,61.299999237,5.448724747,8.274377823,0.357100308,0.711842477,0.443902969,0.772273064
Netherlands,High,High,2019,,,,,0.885592520,0.206885472,71.400001526,7.425268650,10.947010994,0.230502278,0.360068113,0.728164434,0.941477478
New Zealand,High,High,2019,,,,,0.912042379,0.150096044,70.199996948,7.205174446,10.675273895,0.191176370,0.233831227,0.765042603,0.938821197
Nicaragua,High,High,2019,,,,,0.882678449,0.023994023,65.5,6.112545013,8.593801498,0.337012976,0.621981740,0.790255427,0.873863935
Niger,High,Medium,2019,,,,,0.831361890,0.021141350,55.5,5.003544331,7.104510307,0.304438263,0.728855133,0.793810070,0.676958740
Nigeria,High,High,2019,,,,,0.746269286,0.018905235,54.400001526,4.266484261,8.532351494,0.229003847,0.873035729,0.698242903,0.734995186
North Macedonia,High,High,2019,,,,,0.724710405,0.017552638,66.099998474,5.015485287,9.727530479,0.303605884,0.922597229,0.515054047,0.814638495
Norway,High,High,2019,,,,,0.954044461,0.103050761,71.400001526,7.442139626,11.081886292,0.195486501,0.270571798,0.781727433,0.941784024
Pakistan,Medium,Medium,2019,,,,,0.684675574,0.111596048,56.900001526,4.442717552,8.548215866,0.424240083,0.775998056,0.488940775,0.617295742
Panama,High,High,2019,,,,,0.882961094,-0.207866967,68.699996948,6.085955143,10.397828102,0.243566602,0.868827522,0.840836167,0.885721385
Paraguay,High,High,2019,,,,,0.876052618,0.017431650,65.800003052,5.652625561,9.518539429,0.275186718,0.881786108,0.790478528,0.892487168
Peru,High,High,2019,,,,,0.814805925,-0.134743199,69.5,5.999381542,9.452122688,0.374985486,0.873601913,0.793809652,0.809075952
Philippines,High,High,2019,,,,,0.909598589,-0.086673960,62,6.267745018,9.074733734,0.340569496,0.748442113,0.764526367,0.845094740
Poland,High,High,2019,,,,,0.882885754,-0.236807302,68.699996948,6.242094040,10.409092903,0.168089688,0.696057379,0.612847447,0.878268242
Portugal,High,High,2019,,,,,0.882351100,-0.240103647,71,6.095473289,10.461549759,0.299874753,0.915165603,0.675313532,0.876082599
Romania,High,High,2019,,,,,0.847543180,-0.227541327,66.800003052,6.129942417,10.308985710,0.243659228,0.954130709,0.604940474,0.841905951
Russia,High,High,2019,,,,,0.714766085,-0.121995963,64.199996948,5.440523624,10.212976456,0.200421557,0.847705066,0.632024169,0.910098851
Rwanda,High,Medium,2019,,,,,0.868999183,0.060119990,60.200000763,3.268152237,7.691963196,0.417667687,0.167970896,0.716731012,0.489458233
Saudi Arabia,High,High,2019,,,,,0.891086578,-0.152976483,64,6.561247349,10.758424759,0.237737328,,0.673558295,0.911718428
Senegal,High,Medium,2019,,,,,0.758841753,-0.024781596,59.400001526,5.488736629,8.140456200,0.331925839,0.795673430,0.768190622,0.687614083
Serbia,High,High,2019,,,,,0.752504587,-0.046176840,66.900001526,6.241407394,9.815028191,0.242130220,0.813141823,0.474295795,0.903294265
Sierra Leone,High,Medium,2019,,,,,0.717769563,0.071692556,52.900001526,3.447381496,7.412065506,0.438134462,0.873861432,0.521150649,0.610779762
Singapore,High,High,2019,,,,,0.938041747,0.020151988,73.599998474,6.378359795,11.497358322,0.138069153,0.069619603,0.674223006,0.924918354
Slovakia,High,High,2019,,,,,0.771121562,-0.133315042,68.5,6.243428707,10.375248909,0.251806319,0.925846696,0.676153421,0.933088303
Slovenia,High,High,2019,,,,,0.945430517,-0.108307138,70.699996948,6.665273666,10.572194099,0.227838457,0.785441816,0.621658623,0.949402273
South Africa,High,High,2019,,,,,0.738338530,-0.147067338,56.200000763,5.034863472,9.536199570,0.268456221,0.819823623,0.727414131,0.847719729
South Korea,High,High,2019,,,,,0.706032395,-0.061466824,73.099998474,5.902816772,10.663325310,0.235966519,0.717696130,0.593178034,0.783160865
Spain,High,High,2019,,,,,0.777966738,-0.054456647,72.099998474,6.457449436,10.616002083,0.315518320,0.730337620,0.636199594,0.949013472
Sri Lanka,High,High,2019,,,,,0.824277341,0.042531747,67,4.213299274,9.520689964,0.314542711,0.863342285,0.753170788,0.814939141
State of Palestine,Medium,High,2019,,,,,0.653488278,-0.135231897,,4.482537270,8.716377258,0.399672300,0.829282761,0.538072765,0.832550049
Sweden,High,High,2019,,,,,0.941515207,0.085424945,71.900001526,7.398092747,10.875224113,0.201999709,0.250087917,0.774585247,0.933645070
Switzerland,High,High,2019,,,,,0.913166702,0.028719801,72.5,7.694221020,11.155162811,0.170761779,0.293700755,0.742527902,0.948512852
TÃ¼rkiye,Medium,High,2019,,,,,0.631083786,-0.141419217,68.400001526,4.872073650,10.245305061,0.368088663,0.760442197,0.347481340,0.791656196
Taiwan Province of China,High,High,2019,,,,,0.814484477,-0.130699441,,6.537089825,10.797459602,0.093412384,0.718112350,0.762097180,0.893430591
Tajikistan,High,High,2019,,,,,,-0.053820901,62,5.464015484,8.181798935,0.178497195,0.490029365,0.663062751,0.879822910
Tanzania,High,Medium,2019,,,,,0.850132525,0.097497232,58.5,3.640154839,7.854687691,0.243097946,0.589293599,0.679453611,0.687267542
Thailand,High,High,2019,,,,,0.898244619,0.304911882,68.300003052,6.022151470,9.797967911,0.208183601,0.877039790,0.791796386,0.903051019
Togo,Medium,Medium,2019,,,,,0.617419779,0.041025307,56.200000763,4.179493904,7.636814594,0.443869889,0.736675024,0.606394589,0.538702190
Tunisia,Medium,Medium,2019,,,,,0.659331739,-0.216798082,66.900001526,4.315479755,9.315942764,0.433413476,0.888904750,0.458863199,0.609589279
Turkmenistan,High,High,2019,,,,,0.891526878,0.281754375,62.099998474,5.474299908,9.615312576,0.183343247,,0.493891090,0.981501758
Uganda,High,High,2019,,,,,0.704376638,0.131502807,58.200000763,4.948051453,7.718692303,0.385220796,0.825612605,0.689078808,0.805487394
Ukraine,High,High,2019,,,,,0.715311766,-0.086624987,64.300003052,4.701762199,9.457587242,0.201131731,0.885004938,0.548534453,0.882726490
United Arab Emirates,High,High,2019,,,,,0.911419511,0.117762633,66,6.710782528,11.181390762,0.283763289,,0.730051637,0.861533284
United Kingdom,High,High,2019,,,,,0.854039550,0.263926834,70.099998474,7.157151222,10.759778023,0.251014441,0.485092282,0.738786042,0.942681074
United States,High,High,2019,,,,,0.836139023,0.138237044,66.099998474,6.943701267,11.042456627,0.243833661,0.706715524,0.755090654,0.916691124
Uruguay,High,High,2019,,,,,0.902678788,-0.107435092,67.5,6.600337029,10.067001343,0.221730188,0.599399626,0.763834417,0.933470964
Uzbekistan,High,High,2019,,,,,0.970294535,0.294812620,64.699996948,6.154049397,8.909740448,0.219745517,0.511196852,0.751279771,0.915275931
Venezuela,Medium,High,2019,,,,,0.625526190,0.123792097,64.400001526,5.080803394,5.526723385,0.350950450,0.839340389,0.729552984,0.887671530
Vietnam,High,High,2019,,,,,0.952469170,-0.148436964,65.300003052,5.467451096,9.235228539,0.185610190,0.787889242,0.657785714,0.847592115
Yemen,Medium,High,2019,,,,,0.651308239,-0.106460236,57.5,4.196912766,7.447972775,0.213043228,0.798228264,0.481123149,0.870042801
Zambia,High,Medium,2019,,,,,0.811039805,0.074466497,54.400001526,3.306796551,8.123367310,0.394385278,0.831956029,0.673511207,0.637894392
Zimbabwe,Medium,High,2019,,,,,0.631907582,-0.050874215,53.099998474,2.693523169,7.697755337,0.235354334,0.830651879,0.658433676,0.759162307
Italy,High,High,2020,,,,,0.718155444,-0.156709939,71.974998474,6.488356113,10.573657990,0.311002165,0.844094574,0.613840938,0.889824033
Ivory Coast,High,Medium,2020,,,,,0.769998014,0.012312427,55.375,5.256503582,8.535457611,0.339919090,0.776687264,0.655147433,0.613106310
Jamaica,High,High,2020,,,,,0.864777803,-0.152238533,66.599998474,5.424990654,9.127867699,0.266417921,0.836413145,0.712002933,0.869553685
Japan,High,High,2020,,,,,0.806036115,-0.265934646,74.224998474,6.117963314,10.596374512,0.186461002,0.608698547,0.680538237,0.887249112
Jordan,High,High,2020,,,,,0.778533459,-0.153593272,67.599998474,4.093991756,9.125218391,,,,0.708839893
Kazakhstan,High,High,2020,,,,,0.872100115,-0.062426824,65.400001526,6.168269157,10.140987396,0.150359914,0.660798848,0.619988978,0.966448963
Kenya,High,Medium,2020,,,,,0.702034473,0.251372814,58.099998474,4.546584129,8.411246300,0.296980411,0.836516023,0.738233685,0.673717618
Kosovo,High,High,2020,,,,,0.879837573,0.301806003,,6.294414043,9.278607368,0.201458037,0.909893870,0.592677712,0.792374492
Kyrgyzstan,High,High,2020,,,,,0.934885323,0.100570217,66.324996948,6.249586105,8.460876465,0.257813066,0.931317508,0.672106743,0.902222991
Laos,High,Medium,2020,,,,,0.915028214,0.136139899,60.799999237,5.284390926,8.957246780,0.358349264,0.747997701,0.713753402,0.660396278
Latvia,High,High,2020,,,,,0.820111692,-0.085574336,66.300003052,6.229008675,10.327725410,0.201582372,0.808821976,0.673573732,0.928012192
Lebanon,Medium,Medium,2020,,,,,0.551600993,-0.138668329,66.074996948,2.633752584,9.531790733,0.481800169,0.883976877,0.352248639,0.546599805
Lithuania,High,High,2020,,,,,0.824060559,-0.129142627,67.050003052,6.391378880,10.523158073,0.201912001,0.829204798,0.626345754,0.952544093
Malaysia,High,High,2020,,,,,0.877859235,0.095674768,65.675003052,6.014198780,10.159329414,0.288135022,0.746997535,0.721455097,0.796895385
Mali,Medium,Medium,2020,,,,,0.645313561,-0.068827532,55,4.269473553,7.660975456,0.439628124,0.894637346,0.647650242,0.567915261
Malta,High,High,2020,,,,,0.930600464,-0.005286606,71.550003052,6.156822681,10.621644020,0.410913229,0.674626350,0.576041937,0.937920272
Mauritius,High,High,2020,,,,,0.842598081,-0.038360234,63.875,6.015300274,9.914418221,0.138401791,0.771790087,0.699538052,0.892565966
Mexico,High,High,2020,,,,,0.873346984,-0.127564624,65.800003052,5.964221001,9.816184998,0.291556120,0.778165877,0.744693696,0.778816223
Moldova,High,High,2020,,,,,0.859083235,-0.058031589,64.900001526,5.811628819,9.379990578,0.267836064,0.941438973,0.698010981,0.874061763
Mongolia,High,High,2020,,,,,0.718491018,0.137964800,60.400001526,6.011364937,9.364500999,0.259983033,0.842827678,0.574730396,0.917789161
Montenegro,High,High,2020,,,,,0.801855087,0.061224230,67.099998474,5.722162724,9.812412262,0.411377817,0.844687104,0.560456812,0.887129486
Morocco,High,Medium,2020,,,,,0.818995237,-0.238182217,63.799999237,4.802617550,8.928771973,0.256431192,0.802740276,0.548124075,0.552520096
Myanmar,High,High,2020,,,,,0.824870706,0.468292892,61.224998474,4.431364059,8.506555557,0.289218217,0.646702111,0.699925065,0.795763254
Namibia,Medium,High,2020,,,,,0.665681958,-0.109801665,56.474998474,4.451010227,9.109610558,0.247542083,0.810354829,0.652413011,0.740570307
Nepal,High,High,2020,,,,,0.771715939,0.134548545,61.575000763,5.982410431,8.232653618,0.336939007,0.811892331,0.479671746,0.787215233
Netherlands,High,High,2020,,,,,0.934522629,0.145121545,71.474998474,7.504447937,10.901819229,0.246511325,0.280604511,0.690658092,0.943956137
New Zealand,High,High,2020,,,,,0.918154597,0.115957715,70.275001526,7.257381916,10.646665573,0.208541051,0.282767951,0.795894742,0.951990783
Nicaragua,High,High,2020,,,,,0.817625225,0.036721226,65.574996948,6.286890030,8.562273979,0.315903068,0.631003439,0.775327206,0.855702758
Nigeria,High,High,2020,,,,,0.713061512,0.093661472,54.724998474,5.502948284,8.489839554,0.315886825,0.912774444,0.737175941,0.739289463
North Macedonia,High,High,2020,,,,,0.787284732,0.127251670,66.300003052,5.053664207,9.666481972,0.365126073,0.877421141,0.541942358,0.750374198
Norway,High,High,2020,,,,,0.964561105,0.067519478,71.449996948,7.290032387,11.063135147,0.216033921,0.271083295,0.777274728,0.955979943
Pakistan,High,Medium,2020,,,,,0.767367244,0.002738752,57.174999237,4.623969078,8.518063545,0.375722438,0.832585573,0.470246613,0.594273567
Paraguay,High,High,2020,,,,,0.865221083,0.053742032,65.849998474,5.501248837,9.496820450,0.269218802,0.828658342,0.766731083,0.906508625
Peru,High,High,2020,,,,,0.805973649,-0.094083458,69.675003052,4.994379044,9.322538376,0.481483608,0.911601484,0.736464798,0.748887837
Philippines,High,High,2020,,,,,0.932041705,-0.113675937,62.025001526,5.079585075,8.958444595,0.326889008,0.744283676,0.792735636,0.781140387
Poland,High,High,2020,,,,,0.767428696,-0.013857034,68.875,6.139455318,10.390435219,0.328937918,0.786873639,0.677396119,0.953171730
Portugal,High,High,2020,,,,,0.913130760,-0.244226038,71.125,5.767792225,10.373845100,0.382812679,0.867157161,0.613749206,0.874990344
Romania,High,High,2020,,,,,0.863305271,-0.160923332,66.925003052,6.785142422,10.277024269,0.255706370,0.917691410,0.667786896,0.869008839
Russia,High,High,2020,,,,,0.714466453,-0.078325510,64.574996948,5.495288849,10.188160896,0.189521536,0.823047519,0.620991707,0.887020171
Saudi Arabia,High,High,2020,,,,,0.884220123,-0.117172353,64.199996948,6.559588432,10.709314346,0.251199067,,0.701878786,0.890255928
Senegal,High,Medium,2020,,,,,0.797190309,-0.052063096,59.700000763,4.756773472,8.126944542,0.268333048,0.855092525,0.815910876,0.620670676
Serbia,High,High,2020,,,,,0.843479872,0.141915604,67.025001526,6.041546345,9.812616348,0.357580274,0.824472487,0.579138815,0.852101862
Slovakia,High,High,2020,,,,,0.761896610,-0.081421778,68.724998474,6.519098282,10.340459824,0.274447888,0.900533676,0.694529951,0.954159975
Slovenia,High,High,2020,,,,,0.958442569,-0.090423480,70.875,6.462076187,10.521321297,0.313852519,0.796557486,0.574927151,0.953437507
South Africa,High,High,2020,,,,,0.756946266,-0.029581254,56.724998474,4.946800709,9.458442688,0.294276476,0.912407219,0.760583580,0.891050339
South Korea,High,High,2020,,,,,0.711480439,-0.112356253,73.375,5.792695522,10.654827118,0.247059658,0.664694011,0.549814105,0.807952285
Spain,High,High,2020,,,,,0.783256531,-0.126773462,72.224998474,6.502175331,10.490920067,0.316617101,0.729977489,0.671131015,0.934934676
Sri Lanka,High,High,2020,,,,,0.803484857,-0.049984325,67.099998474,4.778489113,9.468035698,0.285134345,0.768454254,0.758137345,0.842499971
Sweden,High,High,2020,,,,,0.951181591,0.084171407,72.025001526,7.314341068,10.846055984,0.221933290,0.203440145,0.717195928,0.935582340
Switzerland,High,High,2020,,,,,0.917343259,-0.072716221,72.699996948,7.508435249,11.123814583,0.193228990,0.280367136,0.730246305,0.946316481
TÃ¼rkiye,Medium,High,2020,,,,,0.510385871,-0.119459026,68.574996948,4.861554146,10.256718636,0.440387309,0.774417162,0.331563056,0.856730223
Taiwan Province of China,High,High,2020,,,,,0.798834741,,,6.751067638,,0.082736954,0.710567415,0.743168890,0.900832534
Tajikistan,High,High,2020,,,,,,-0.054473694,62.150001526,5.373398781,8.203014374,0.344161272,0.549786448,0.651893914,0.789744556
Tanzania,High,High,2020,,,,,0.830343485,0.292759001,58.950000763,3.785684109,7.844439507,0.271117926,0.520631671,0.667273879,0.739817083
Thailand,High,High,2020,,,,,0.840463281,0.269917607,68.375,5.884544373,9.733028412,0.326168567,0.918340027,0.770296693,0.866702616
Tunisia,Medium,High,2020,,,,,0.667758107,-0.206215590,66.949996948,4.730811119,9.214345932,0.438774347,0.877354085,0.519344747,0.719013214
Uganda,Medium,High,2020,,,,,0.687482119,0.139874607,58.674999237,4.640909672,7.714449883,0.424706668,0.877587259,0.705435634,0.800461173
Ukraine,High,High,2020,,,,,0.784273446,0.120843895,64.425003052,5.269675732,9.426079750,0.284736186,0.945668995,0.628791153,0.884686291
United Arab Emirates,High,High,2020,,,,,0.942161500,0.048910189,66.150001526,6.458392143,11.122372627,0.298480302,,0.702395320,0.826755583
United Kingdom,High,High,2020,,,,,0.884624004,0.195548385,70.199996948,6.798177242,10.639239311,0.224655122,0.490203947,0.717481315,0.929353237
United States,High,High,2020,,,,,0.850447297,0.027697526,65.974998474,7.028088093,11.004744530,0.295499027,0.678124607,0.721989095,0.937369823
Uruguay,High,High,2020,,,,,0.907761931,-0.094427183,67.5,6.309681416,10.002127647,0.264692068,0.491007835,0.720520616,0.921070337
Uzbekistan,High,High,2020,,,,,0.928216279,0.189697862,65,5.841929913,8.910279274,0.278508723,0.642043591,0.677926660,0.849564791
Venezuela,Medium,High,2020,,,,,0.611814618,,64.224998474,4.573829651,,0.396250457,0.811319113,0.689349473,0.805224240
Vietnam,High,High,2020,,,,,0.944707036,0.063276097,65.400001526,5.462341785,9.254416466,0.286374211,0.791133821,0.699164987,0.764509618
Zambia,High,High,2020,,,,,0.750422418,0.054444890,54.825000763,4.837992191,8.065783501,0.344525933,0.809749782,0.679042757,0.766871631
Zimbabwe,Medium,High,2020,,,,,0.643302977,0.002848076,53.575000763,3.159802198,7.596050262,0.345736384,0.788522780,0.660658062,0.717242658
Italy,High,High,2021,,,,,0.702845216,-0.096146874,72.050003052,6.466744900,10.646746635,0.318436861,0.862317502,0.634286821,0.885533631
Ivory Coast,High,Medium,2021,,,,,0.717105269,-0.004342920,55.950000763,5.055806637,8.578563690,0.344690382,0.715896964,0.625795424,0.554224849
Jamaica,High,High,2021,,,,,0.730657279,-0.084343873,66.599998474,5.813733578,9.170270920,0.307878584,0.882744610,0.688595951,0.857367575
Japan,High,High,2021,,,,,0.801350355,-0.213334605,74.349998474,6.091324806,10.622172356,0.189246044,0.669546723,0.674374282,0.895737708
Jordan,High,High,2021,,,,,0.773113430,-0.148065329,67.599998474,3.909149170,9.127314568,0.429252565,0.655549169,0.479504108,0.702918172
Kazakhstan,High,High,2021,,,,,0.807489097,0.034342743,65.800003052,6.259634018,10.170093536,0.122301146,0.782494009,0.662836969,0.906053364
Kenya,Medium,High,2021,,,,,0.678108215,0.312985718,58.5,4.464540958,8.464981079,0.252963096,0.841331422,0.744837940,0.702200711
Kosovo,High,High,2021,,,,,0.840116560,0.258138090,,6.648499489,9.382963181,0.116078317,0.842378795,0.578284323,0.848838627
Kyrgyzstan,High,High,2021,,,,,0.917870820,0.198732153,66.849998474,5.563699722,8.503861427,0.226462573,0.902515590,0.659907758,0.904273272
Laos,High,Medium,2021,,,,,0.927041471,0.037478004,61.099998474,4.926521778,8.967883110,0.291677624,0.668031454,0.702153087,0.649893284
Latvia,High,High,2021,,,,,0.815278113,-0.103939414,66.400001526,6.353090763,10.375994682,0.185934260,0.839525342,0.716414034,0.954086423
Lebanon,Medium,Medium,2021,,,,,0.422696680,-0.163790867,66.150001526,2.178809404,9.471697807,0.569100618,0.905279100,0.263486832,0.506775260
Lithuania,High,High,2021,,,,,0.707402527,-0.121201649,67.400001526,6.864572525,10.579117775,0.191300765,0.877800763,0.666993320,0.928175211
Malawi,High,Medium,2021,,,,,0.757269025,-0.013745973,58.200000763,3.635283232,7.307291985,0.325555235,0.740276992,0.550894737,0.557914317
Malaysia,High,High,2021,,,,,0.878362298,0.217702761,65.650001526,6.010391712,10.178584099,0.183198214,0.769417465,0.728383660,0.794051170
Mali,Medium,Medium,2021,,,,,0.672789276,-0.003661481,55.400001526,4.113095760,7.659465313,0.438466877,0.901567280,0.639572978,0.573393524
Malta,High,High,2021,,,,,0.889073849,0.238524720,71.599998474,6.443715096,10.727039337,0.375325114,0.752515912,0.635253549,0.897113085
Mauritius,High,High,2021,,,,,0.802364588,-0.012897509,63.849998474,5.949120045,9.947593689,0.135523796,0.783532083,0.665566385,0.886509895
Mexico,High,High,2021,,,,,0.837159336,-0.036857452,65.800003052,5.990750790,9.856716156,0.305109650,0.745186806,0.750247896,0.778605103
Moldova,High,High,2021,,,,,0.832602262,-0.095802866,65.300003052,5.959048748,9.517996788,0.270110786,0.875060678,0.630283237,0.879554033
Mongolia,Medium,High,2021,,,,,0.666846633,0.214638561,60.5,5.721034050,9.364642143,0.202482358,0.850720286,0.560003579,0.927116990
Morocco,High,Medium,2021,,,,,0.761806488,-0.204333350,63.900001526,5.326248646,8.994469643,0.340848327,0.817366838,0.554495931,0.504563928
Mozambique,High,Medium,2021,,,,,0.838100493,0.042412482,51.299999237,5.178486824,7.112137318,0.383462697,0.627466440,0.575794935,0.664022684
Myanmar,Medium,High,2021,,,,,0.631394386,0.508287430,61.549999237,4.314039707,8.302172661,0.267805815,0.671063483,0.636049151,0.779576421
Namibia,Medium,High,2021,,,,,0.658505261,-0.152775064,56.849998474,4.491207123,9.127891541,0.230259106,0.828966737,0.643536866,0.807800770
Nepal,High,Medium,2021,,,,,0.817544639,0.143666863,61.849998474,4.622300148,8.256783485,0.353876650,0.769947886,0.414381087,0.698646426
Netherlands,High,High,2021,,,,,0.856293440,0.265629292,71.550003052,7.314151287,10.944070816,0.201159164,0.396572888,0.714353323,0.918759406
New Zealand,High,High,2021,,,,,0.910249829,0.215510726,70.349998474,7.136700630,10.692896843,0.206175357,0.252423555,0.747143626,0.949832201
Nicaragua,High,High,2021,,,,,0.904980481,0.019751504,65.650001526,6.095348835,8.646821022,0.292643428,0.674668729,0.798928738,0.848263025
Nigeria,High,High,2021,,,,,0.725732863,0.047030862,55.049999237,4.479265690,8.501598358,0.188105255,0.911945105,0.666297317,0.741560102
North Macedonia,High,High,2021,,,,,0.792965770,0.187890038,66.5,5.534749985,9.723674774,0.303365707,0.884325325,0.563352823,0.808856964
Norway,High,High,2021,,,,,0.936379194,0.165829793,71.5,7.361573696,11.096030235,0.207197040,0.263276964,0.769433558,0.947877407
Pakistan,High,Medium,2021,,,,,0.763992071,0.006978682,57.450000763,4.486834526,8.562576294,0.307363391,0.742719173,0.517665982,0.608395636
Panama,High,High,2021,,,,,0.810681999,-0.151604861,68.900001526,6.552778721,10.322750092,0.217544228,0.861062586,0.834382474,0.898621261
Paraguay,High,High,2021,,,,,0.887960792,0.014539529,65.900001526,5.575535297,9.523426056,0.248322532,0.856721044,0.806078374,0.907541871
Peru,High,High,2021,,,,,0.811777532,-0.089895017,69.849998474,5.694317818,9.436187744,0.368650228,0.879913747,0.783769429,0.818539441
Philippines,High,High,2021,,,,,0.905275464,-0.011690076,62.049999237,5.965057850,8.999073029,0.322941482,0.721162260,0.789731145,0.778192103
Poland,High,High,2021,,,,,0.731805563,0.121951804,69.050003052,5.978068829,10.460687637,0.277231276,0.743913174,0.699575484,0.935534835
Portugal,High,High,2021,,,,,0.892121136,-0.211370349,71.25,6.183014393,10.424690247,0.284006834,0.872229338,0.628748119,0.894941688
Romania,High,High,2021,,,,,0.870957971,-0.186716303,67.050003052,6.548725605,10.340915680,0.264397413,0.928280115,0.673982322,0.834509134
Russia,Medium,High,2021,,,,,0.670810163,0.053193014,64.949996948,5.448261261,10.246858597,0.190072700,0.807839274,0.590086401,0.861716568
Saudi Arabia,High,High,2021,,,,,0.902473032,-0.107756458,64.400001526,6.445294380,10.749079704,0.228370279,,0.728473246,0.859361112
Senegal,High,Medium,2021,,,,,0.758525133,0.026433641,60,4.902830601,8.163837433,0.264975786,0.821348250,0.812411606,0.645179272
Serbia,High,High,2021,,,,,0.850367904,0.261386663,67.150001526,6.245267391,9.894838333,0.311130971,0.806221604,0.567632556,0.890106082
Sierra Leone,Medium,Medium,2021,,,,,0.659139514,0.105733931,54.5,3.714294434,7.387003422,0.448415697,0.851488411,0.537982225,0.609334111
Singapore,High,High,2021,,,,,0.878701091,0.060267977,73.800003052,6.586717129,11.587486267,0.159802228,0.144935384,0.696990192,0.876408994
Slovakia,High,High,2021,,,,,0.741533220,0.042494614,68.949996948,6.418503761,10.390069962,0.241131321,0.895546556,0.691567540,0.951163888
Slovenia,High,High,2021,,,,,0.851086736,0.025544252,71.050003052,6.761220932,10.597546577,0.261042506,0.754198194,0.642823279,0.955252588
South Africa,High,High,2021,,,,,0.703564703,-0.147917509,57.25,5.598653793,9.496415138,0.172806978,0.891578615,0.784321010,0.922238767
South Korea,High,High,2021,,,,,0.717086375,-0.033209298,73.650001526,6.112745285,10.697208405,0.221171260,0.685114563,0.566271067,0.810740769
Spain,High,High,2021,,,,,0.781794965,-0.076045476,72.349998474,6.469611168,10.543588638,0.323980331,0.729346991,0.639074683,0.926416755
Sri Lanka,High,High,2021,,,,,0.771430016,-0.013216706,67.199996948,4.103446960,9.491800308,0.311583638,0.848541498,0.733172596,0.812373936
Sweden,High,High,2021,,,,,0.953379214,0.172187507,72.150001526,7.439280033,10.892507553,0.190008253,0.191473097,0.762894452,0.931819558
Switzerland,High,High,2021,,,,,0.907875359,0.023514310,72.900001526,7.327672482,11.157640457,0.182606846,0.286672562,0.746781290,0.934393048
TÃ¼rkiye,Medium,High,2021,,,,,0.446527630,-0.038769957,68.75,4.366639614,10.356680870,0.470578879,0.810165942,0.297092021,0.736194909
Taiwan Province of China,High,High,2021,,,,,0.818467379,,,6.246744156,,0.122979514,0.675438643,0.667416632,0.866297543
Tajikistan,High,High,2021,,,,,,-0.071297616,62.299999237,5.286824226,8.271410942,0.240199998,0.498924732,0.655013323,0.882888913
Tanzania,High,Medium,2021,,,,,0.821772814,0.110067368,59.400001526,3.680567980,7.856840134,0.246362492,0.546387076,0.648245037,0.618984401
Thailand,High,High,2021,,,,,0.835590303,0.290425032,68.449996948,5.638096809,9.746085167,0.297737539,0.943129361,0.718929410,0.882821918
Togo,Medium,Medium,2021,,,,,0.618520677,0.037114993,57.200000763,4.036543846,7.666983128,0.417280585,0.765818477,0.627953172,0.603399694
Tunisia,Medium,High,2021,,,,,0.591229916,-0.205731586,67,4.499485970,9.249168396,0.335503727,0.932745636,0.451362312,0.711321533
Uganda,High,High,2021,,,,,0.710621119,0.080852933,59.150001526,4.224533558,7.717090607,0.358832955,0.835011721,0.699308991,0.793349564
Ukraine,High,High,2021,,,,,0.769904315,0.166062698,64.550003052,5.311355114,9.468798637,0.250389040,0.922350943,0.574909985,0.879308522
United Arab Emirates,High,High,2021,,,,,0.951327920,0.149668083,66.300003052,6.733067513,11.152440071,0.217109919,,0.696669996,0.826060593
United Kingdom,High,High,2021,,,,,0.815077186,0.251833171,70.300003052,6.866961956,10.713285446,0.265625894,0.447526574,0.683882475,0.854029596
United States,High,High,2021,,,,,0.815734804,0.188471839,65.849998474,6.959087849,11.060932159,0.277191907,0.686591566,0.739682019,0.920008719
Uruguay,High,High,2021,,,,,0.898723900,-0.054198869,67.5,6.501700401,10.054372787,0.263209820,0.605642140,0.746208131,0.913873136
Uzbekistan,High,High,2021,,,,,0.927415252,0.182671756,65.300003052,6.185307980,8.961943626,0.232672125,0.661561668,0.698459327,0.895503759
Venezuela,Medium,High,2021,,,,,0.595620394,,64.050003052,5.107553005,,0.389350802,0.823898435,0.697586775,0.812418044
Vietnam,High,High,2021,,,,,0.896800399,0.104378045,65.5,5.540249825,9.271267891,0.280437410,0.797787547,0.650598168,0.799493909
Zambia,High,Medium,2021,,,,,0.832573771,0.138026401,55.25,3.082154989,8.082337379,0.348551363,0.824030817,0.655689895,0.619071007
Zimbabwe,Medium,Medium,2021,,,,,0.667636156,-0.079006903,54.049999237,3.154578209,7.656878471,0.241681874,0.756945193,0.609917223,0.685150504
Italy,High,High,2022,,,,,0.710519016,0.026354488,72.125,6.258476734,10.687120438,0.298130304,0.818708301,0.624130607,0.869363606
Ivory Coast,High,Medium,2022,,,,,0.713349819,-0.008587439,56.525001526,4.848673820,8.619275093,0.399274439,0.742839873,0.628662169,0.536297083
Jamaica,High,High,2022,,,,,0.874267519,-0.091159478,66.599998474,5.870189190,9.211524963,0.268941343,0.909644067,0.718355298,0.868040681
Japan,High,High,2022,,,,,0.788856983,-0.237366557,74.474998474,6.178009987,10.636844635,0.164663047,0.643009663,0.669616878,0.898649931
Jordan,High,High,2022,,,,,0.759418666,-0.155969545,67.599998474,4.355606556,9.139777184,0.434516966,0.714584589,0.520557344,0.774262011
Kazakhstan,High,High,2022,,,,,0.882937968,0.021587986,66.199996948,6.006279469,10.169433594,0.131948695,0.720168531,0.652438104,0.923373282
Kenya,High,Medium,2022,,,,,0.705976129,0.291773140,58.900001526,4.447946548,8.493214607,0.280721039,0.877775729,0.724946558,0.690594971
Kosovo,High,High,2022,,,,,0.864865899,0.207567811,,6.159853458,9.431036949,0.142420337,0.845950305,0.549290001,0.887639105
Kuwait,High,High,2022,,,,,0.968580306,0.141548172,70.025001526,6.757829189,10.803009987,0.156387910,,0.737518132,0.874363542
Kyrgyzstan,High,High,2022,,,,,0.948361576,0.230258167,67.375,5.667840958,8.555203438,0.203992382,0.876154184,0.646166146,0.926970780
Laos,High,Medium,2022,,,,,0.891018689,0.091125228,61.400001526,4.961656570,8.980632782,0.333750486,0.706029177,0.675264895,0.658527434
Latvia,High,High,2022,,,,,0.817082405,0.017751677,66.5,6.054838181,10.396153450,0.160736203,0.844229579,0.631815553,0.928089976
Lebanon,Medium,Medium,2022,,,,,0.449575424,-0.130110294,66.224998474,2.352427721,9.458017349,0.429902762,0.882995963,0.297508448,0.534528434
Lesotho,High,Medium,2022,,,,,0.709102929,-0.102413006,46.150001526,3.186162472,7.732828140,0.288018942,0.815030158,0.709479988,0.679566681
Liberia,High,Medium,2022,,,,,0.731640577,0.149962351,56.700000763,4.042260170,7.286824226,0.438816667,0.828494132,0.636873662,0.596891046
Libya,High,High,2022,,,,,0.761348307,-0.042852487,65.875,5.760273933,9.893264771,0.398640066,0.667988777,0.627254009,0.813247859
Lithuania,High,High,2022,,,,,0.709662259,-0.191582441,67.75,7.037577152,10.586402893,0.131619066,0.684991181,0.471465677,0.937096536
Luxembourg,High,High,2022,,,,,0.915109932,0.022855919,71.675003052,7.227934837,11.657387733,0.218083575,0.345176458,0.718450427,0.877916992
Madagascar,Medium,Medium,2022,,,,,0.523492694,0.070039973,58.049999237,4.019134045,7.314873695,0.345107347,0.740402877,0.686895013,0.642429352
Malawi,High,Medium,2022,,,,,0.743571639,0.017196402,58.75,3.355563402,7.290892601,0.328764439,0.754926443,0.535636544,0.503325164
Malaysia,High,High,2022,,,,,0.956837296,0.207741767,65.625,6.048006535,10.251160622,0.190686181,0.789022505,0.766981781,0.814689398
Mali,High,Medium,2022,,,,,0.817642868,-0.024035592,55.799999237,4.210547924,7.664724350,0.407665402,0.745646715,0.655434608,0.641625226
Malta,High,High,2022,,,,,0.837544084,0.246261328,71.650001526,6.299238205,10.783935547,0.370075017,0.757539809,0.671103597,0.932082772
Mauritania,Medium,Medium,2022,,,,,0.624028981,-0.016499231,60.474998474,4.723868847,8.601656914,0.389274210,0.657092810,0.630584061,0.647975624
Mauritius,High,High,2022,,,,,0.798143804,-0.041638959,63.825000763,5.740500927,10.033944130,0.168250337,0.768953621,0.724696159,0.887036204
Mexico,High,High,2022,,,,,0.860889137,-0.123296089,65.800003052,7.038368702,9.880594254,0.205048665,0.780077338,0.817899823,0.858360887
Moldova,High,High,2022,,,,,0.828515828,-0.084290080,65.699996948,5.686611652,9.465400696,0.275563359,0.884788811,0.552044451,0.816732645
Mongolia,High,High,2022,,,,,0.717059672,0.210718706,60.599998474,5.787830353,9.396966934,0.208651647,0.846957803,0.550038636,0.951336026
Montenegro,High,High,2022,,,,,0.778064489,-0.022203356,67.300003052,5.600043297,10.002486229,0.317196816,0.802277803,0.484611541,0.875460029
Morocco,High,Medium,2022,,,,,0.794705212,-0.256745070,64,4.596093178,8.994856834,0.414216459,0.802137673,0.572869420,0.563577652
Mozambique,High,High,2022,,,,,0.884088099,0.043135047,51.75,4.739677429,7.125342369,0.350687921,0.687821686,0.628598392,0.710699916
Myanmar,Medium,High,2022,,,,,0.645887017,0.600466907,61.875,4.359069824,8.324696541,0.353478551,0.728946626,0.668845952,0.746259868
Namibia,Medium,High,2022,,,,,0.682527900,-0.124180757,57.224998474,4.948962688,9.158020973,0.261423469,0.848729193,0.675756395,0.807958961
Nepal,High,High,2022,,,,,0.844221771,0.149431527,62.125,5.474175930,8.294474602,0.341525853,0.760407746,0.472944528,0.753276348
Netherlands,High,High,2022,,,,,0.868093491,0.222895235,71.625,7.389636040,10.978227615,0.198002592,0.459351808,0.711127639,0.928908408
New Zealand,High,High,2022,,,,,0.830677867,0.182764590,70.425003052,6.974986553,10.711755753,0.210213482,0.280524433,0.706345737,0.955588818
Nicaragua,High,High,2022,,,,,0.913993657,-0.004475694,65.724998474,6.392257690,8.669462204,0.338743955,0.570191979,0.787344217,0.844041824
Niger,High,Medium,2022,,,,,0.792574704,0.024286980,56.549999237,4.501331329,7.150552273,0.366278619,0.740086973,0.786504447,0.586930454
Nigeria,High,High,2022,,,,,0.775847197,0.172098115,55.375,5.294247150,8.509798050,0.253276438,0.935154974,0.760284245,0.785077929
North Macedonia,High,High,2022,,,,,0.723088980,0.068490721,66.699996948,5.166881561,9.748510361,0.277090907,0.937215090,0.554965317,0.849509358
Norway,High,High,2022,,,,,0.939022839,0.182446286,71.550003052,7.294604301,11.119325638,0.211092442,0.314442098,0.758709848,0.926571310
Pakistan,High,Medium,2022,,,,,0.744901061,-0.000184984,57.724998474,4.930678368,8.603686333,0.367513657,0.865011692,0.469025075,0.590316176
Panama,High,High,2022,,,,,0.899328530,-0.128304452,69,5.979382038,10.412305832,0.259239286,0.886835337,0.820656359,0.891045928
Paraguay,High,High,2022,,,,,0.921780527,-0.013914607,65.949996948,6.137611866,9.512767792,0.237517416,0.839272022,0.820756733,0.899491370
Peru,High,High,2022,,,,,0.764267087,-0.180319995,70.025001526,5.892068863,9.452811241,0.378050268,0.883991420,0.755063951,0.822743475
Philippines,High,High,2022,,,,,0.952269375,-0.155343294,62.075000763,5.994960308,9.057415009,0.301115364,0.757055938,0.832860708,0.819044948
Poland,High,High,2022,,,,,0.800018609,-0.208799869,69.224998474,6.666265011,10.513203621,0.140165836,0.667024732,0.593892157,0.886446774
Portugal,High,High,2022,,,,,0.903218091,-0.138763189,71.375,5.952542782,10.484204292,0.316203803,0.892955482,0.638484597,0.862344146
Romania,High,High,2022,,,,,0.836366534,-0.173361734,67.175003052,6.436973572,10.396297455,0.258411855,0.941487908,0.615097582,0.830336750
Russia,High,High,2022,,,,,0.776063859,-0.074085757,65.324996948,6.044072628,10.224997520,0.211204171,0.766522646,0.613671720,0.919851005
Saudi Arabia,High,High,2022,,,,,,-0.031856209,64.599998474,6.381610394,10.820237160,0.204955861,,0.677459180,0.900104523
Senegal,High,Medium,2022,,,,,0.758471966,0.048822716,60.299999237,4.906819820,8.178814888,0.286798924,0.854231179,0.812712252,0.609188676
Serbia,High,High,2022,,,,,0.781608701,0.073891580,67.275001526,6.545587540,9.928025246,0.274567276,0.801118493,0.513718724,0.895832837
Sierra Leone,Medium,Medium,2022,,,,,0.659596384,0.097070709,55.299999237,2.560429573,7.399671078,0.504606605,0.861837387,0.493700534,0.502167702
Singapore,High,High,2022,,,,,0.873290658,0.088438138,73.900001526,6.333045959,11.590220451,0.208983511,,0.687527239,0.851946592
Slovakia,High,High,2022,,,,,0.732480109,-0.129110292,69.175003052,6.091082096,10.409468651,0.262731314,0.841282547,0.664986193,0.961408913
Slovenia,High,High,2022,,,,,0.930381835,0.099267811,71.224998474,6.723397732,10.649587631,0.241570964,0.762208223,0.624666810,0.941756725
South Africa,High,High,2022,,,,,0.712513149,-0.071439356,57.775001526,5.581030369,9.508222580,0.239278466,0.908311546,0.743517756,0.886619210
South Korea,High,High,2022,,,,,0.723479927,0.001729897,73.925003052,5.950013638,10.724750519,0.232855499,0.747344434,0.584980786,0.810035110
Spain,High,High,2022,,,,,0.781408846,-0.001003757,72.474998474,6.336902142,10.592477798,0.319961518,0.673111916,0.635929227,0.933899879
Sri Lanka,High,High,2022,,,,,0.740057170,0.037500851,67.300003052,3.984860182,9.409202576,0.321318030,0.899854481,0.715404809,0.825453520
State of Palestine,Medium,High,2022,,,,,0.694852710,,,4.907760143,,0.361775726,0.835794926,0.584110856,0.859654725
Sweden,High,High,2022,,,,,0.939461946,0.232394695,72.275001526,7.431214333,10.911781311,0.163275763,0.213236347,0.750373483,0.949338436
Switzerland,High,High,2022,,,,,0.848361075,0.127578989,73.099998474,6.883844376,11.170431137,0.179944366,0.234620094,0.710059524,0.880787432
TÃ¼rkiye,Medium,High,2022,,,,,0.470494479,-0.195351303,68.925003052,5.093441486,10.404192924,0.389673024,0.767373264,0.310751379,0.829909027
Taiwan Province of China,High,High,2022,,,,,0.800191641,,,6.607147217,,0.095398523,0.657555938,0.716586888,0.882819533
Tajikistan,High,High,2022,,,,,,-0.002709252,62.450000763,5.175915241,8.327793121,0.219885632,0.396873504,0.710193038,0.865141511
Tanzania,High,Medium,2022,,,,,0.856139898,0.132693291,59.849998474,3.615845203,7.871994972,0.195128813,0.584417045,0.707061291,0.600180984
Thailand,High,High,2022,,,,,0.880613744,0.299284637,68.525001526,6.007117271,9.770362854,0.218288258,0.867953539,0.773228884,0.866995156
Togo,Medium,Medium,2022,,,,,0.695722461,0.002446012,57.700000763,4.238982201,7.700154305,0.414264590,0.713181138,0.593969762,0.578930080
Tunisia,Medium,High,2022,,,,,0.474189252,-0.233461455,67.050003052,4.260868073,9.266504288,0.303687036,0.908436537,0.458278269,0.754739821
Uganda,High,High,2022,,,,,0.720351040,0.134521529,59.625,4.424695492,7.732556820,0.439270884,0.835681200,0.707574069,0.780994952
Ukraine,High,High,2022,,,,,0.829034388,0.408297777,64.675003052,4.637436390,9.280933380,0.389885187,0.851863027,0.526714623,0.863068104
United Arab Emirates,High,High,2022,,,,,0.932295680,0.168271691,66.449996948,6.737605572,11.215852737,0.241539121,,0.715105414,0.797737062
United Kingdom,High,High,2022,,,,,0.857062578,0.307588875,70.400001526,6.721779823,10.754302025,0.270162135,0.426054806,0.722764194,0.863439500
United States,High,High,2022,,,,,0.735639811,0.189064860,65.724998474,6.692790031,11.077562332,0.267307669,0.701127529,0.711595833,0.900261819
Uruguay,High,High,2022,,,,,0.877968609,-0.055178080,67.5,6.670852661,10.103430748,0.267484903,0.631336689,0.774694264,0.904825211
Uzbekistan,High,High,2022,,,,,0.959019244,0.305774331,65.599998474,6.016238689,8.996306419,0.224579901,0.615844429,0.741081834,0.878923297
Venezuela,High,High,2022,,,,,0.770416737,,63.875,5.948992252,,0.292252004,0.798016429,0.754336953,0.899366319
Vietnam,High,High,2022,,,,,0.975405157,-0.182105631,65.599998474,6.266508579,9.341064453,0.108473420,0.703422904,0.774236381,0.878744006
Yemen,Medium,High,2022,,,,,0.606787980,,56.825000763,3.590378523,,0.255151272,0.787554681,0.459951699,0.872113347
Zambia,High,High,2022,,,,,0.888741255,-0.008760426,55.674999237,3.728098392,8.101115227,0.308740646,0.716395557,0.659845650,0.717195570
Zimbabwe,Medium,Medium,2022,,,,,0.651987135,-0.072934970,54.525001526,3.296219587,7.670073032,0.191350296,0.752632082,0.640609264,0.666171908
Italy,Medium,High,2023,,,,,0.698561907,-0.052536126,72.199996948,6.245111942,10.702875137,0.293422431,0.819012880,0.635907829,0.851000845
Ivory Coast,High,Medium,2023,,,,,0.753174961,-0.057453293,57.099998474,5.336585522,8.655770302,0.306543082,0.675910711,0.669590771,0.622786880
Japan,High,High,2023,,,,,0.776991785,-0.221992657,74.599998474,5.910115719,10.653786659,0.177954867,0.593600094,0.637610435,0.842273355
Jordan,High,High,2023,,,,,0.754420400,-0.143365949,67.599998474,4.292033195,9.151368141,0.441703171,0.651288033,0.518383563,0.720771194
Kazakhstan,High,High,2023,,,,,0.900705278,0.049508102,66.599998474,6.299432755,10.171749115,0.113802433,0.812061489,0.626281023,0.929064274
Kenya,High,High,2023,,,,,0.735895038,0.316245854,59.299999237,4.496229172,8.523473740,0.244638190,0.799799323,0.755693913,0.702744722
Kosovo,High,High,2023,,,,,0.899681032,0.285178244,,6.877792835,9.480271339,0.139780566,0.810932040,0.682165205,0.807212770
Kuwait,High,High,2023,,,,,0.897539496,0.136040941,70,7.130284309,10.811559677,0.206977695,,0.729435086,0.890011191
Kyrgyzstan,High,High,2023,,,,,0.943286836,0.145084977,67.900001526,5.909509182,8.573374748,0.165388390,0.899019003,0.681409240,0.946027637
Laos,High,Medium,2023,,,,,0.904176831,0.099371724,61.700000763,5.486371994,9.005264282,0.335066319,0.723848999,0.679201782,0.678385675
Latvia,High,High,2023,,,,,0.815522492,0.058893804,66.599998474,6.295644760,10.407550812,0.256692886,0.799862325,0.671201527,0.931972980
Lebanon,Medium,Medium,2023,,,,,0.499205798,-0.102335311,66.300003052,3.587908268,9.471325874,0.385294825,0.895419359,0.373126566,0.685645521
Liberia,High,Medium,2023,,,,,0.719752908,0.038619265,57.299999237,4.493915081,7.308547020,0.428341955,0.834177256,0.608362913,0.629509866
Libya,High,High,2023,,,,,0.762222886,,66.099998474,5.970288754,,0.372077763,0.643733323,0.584836006,0.748156548
Lithuania,High,High,2023,,,,,0.733974993,-0.232166827,68.099998474,6.552654266,10.575328827,0.200586647,0.751126111,0.493286520,0.881319046
Luxembourg,High,High,2023,,,,,0.910813272,0.033439770,71.699996948,7.016062260,11.648711205,0.194495305,0.343210787,0.750700474,0.879195333
Madagascar,Medium,Medium,2023,,,,,0.503715992,0.095864549,58.299999237,4.433000565,7.332643032,0.389158159,0.783530712,0.718467414,0.692404687
Malawi,High,Medium,2023,,,,,0.738372207,0.014071166,59.299999237,3.272091866,7.278899193,0.338397563,0.745269656,0.519979954,0.469851524
Malaysia,High,High,2023,,,,,0.964831710,0.153567985,65.599998474,5.868102074,10.282802582,0.194880694,0.753640354,0.760988891,0.778558314
Mali,High,Medium,2023,,,,,0.775947094,-0.043414708,56.200000763,4.369976044,7.673252106,0.324474365,0.789678037,0.660170138,0.641085267
Malta,High,High,2023,,,,,0.850814700,,71.699996948,6.294854641,,0.361335605,0.780030906,0.643815637,0.911656141
Mauritania,Medium,Medium,2023,,,,,0.539580405,0.018321516,60.700000763,4.292047501,8.620228767,0.329344451,0.669011772,0.707503498,0.606150031
Mauritius,High,High,2023,,,,,0.796654463,-0.002153123,63.799999237,5.759169102,10.082743645,0.160012111,0.768978417,0.663708210,0.867578030
Mexico,High,High,2023,,,,,0.870060980,-0.123758651,65.800003052,7.005731583,9.900242805,0.233157888,0.755870283,0.809243381,0.868416131
Moldova,High,High,2023,,,,,0.844444752,-0.156639189,66.099998474,5.801368237,9.491739273,0.250910074,0.860049725,0.577719390,0.842314959
Mongolia,Medium,High,2023,,,,,0.699211121,0.220118031,60.700000763,5.579622746,9.433193207,0.197405428,0.871100664,0.545166731,0.937877238
Montenegro,High,High,2023,,,,,0.798818648,-0.066014692,67.400001526,5.813005447,10.040676117,0.317708820,0.705612183,0.480803400,0.853135645
Morocco,High,Medium,2023,,,,,0.820800483,-0.093703330,64.099998474,4.486514091,9.009463310,0.415028363,0.831204355,0.548703730,0.499518603
Mozambique,High,High,2023,,,,,0.867054403,0.071242064,52.200000763,5.704499245,7.147277832,0.334749222,0.677717447,0.625110865,0.700975001
Myanmar,Medium,Medium,2023,,,,,0.695294976,0.547801197,62.200000763,4.390633583,8.347352028,0.357779175,0.686380744,0.634078503,0.684586406
Namibia,Medium,High,2023,,,,,0.673939288,-0.112721130,57.599998474,5.055321693,9.167408943,0.207879022,0.873001873,0.634756744,0.852072656
Nepal,High,High,2023,,,,,0.764679193,0.183550432,62.400001526,5.388708115,8.318125725,0.350389391,0.792251289,0.460589349,0.749457479
Netherlands,High,High,2023,,,,,0.847286701,0.222540841,71.699996948,7.254793644,10.977064133,0.201694623,0.423908263,0.692705870,0.914922476
New Zealand,High,High,2023,,,,,0.876608431,0.181391641,70.5,6.975955486,10.719568253,0.228582710,0.303655803,0.738133490,0.932887077
Nicaragua,High,High,2023,,,,,0.906491041,-0.008149705,65.800003052,6.362124920,8.685056686,0.339979649,0.531650782,0.772143424,0.836291850
Niger,High,Medium,2023,,,,,0.766963303,0.029012049,56.900001526,4.608657837,7.181248665,0.416637331,,0.747266471,0.637947023
Nigeria,High,High,2023,,,,,0.720121384,0.209317505,55.700000763,4.868937492,8.513705254,0.266198456,0.876502216,0.721117437,0.780888855
North Macedonia,High,High,2023,,,,,0.738114595,0.123343095,66.900001526,5.403024673,9.775726318,0.271874696,0.917136312,0.517428696,0.882915556
Norway,High,High,2023,,,,,0.937649429,0.219493151,71.599998474,7.248675346,11.124796867,0.228337631,0.244850248,0.756483853,0.951586008
Pakistan,Medium,Medium,2023,,,,,0.661370456,0.070424408,58,4.549314499,8.588458061,0.417368263,0.889399290,0.504033685,0.553014159
Panama,High,High,2023,,,,,0.851926506,-0.146810412,69.099998474,6.543289661,10.455200195,0.257107973,0.870590508,0.828531265,0.887288928
Paraguay,High,High,2023,,,,,0.901636183,-0.003958556,66,6.213788509,9.548639297,0.240281001,0.835490346,0.832586706,0.888620853
Peru,High,High,2023,,,,,0.756995559,-0.060663074,70.199996948,5.935666084,9.459396362,0.370369434,0.919480383,0.764844358,0.786517978
Philippines,High,High,2023,,,,,0.931883216,-0.038038019,62.099998474,6.183511734,9.101679802,0.324409664,0.767921805,0.800451934,0.795529246
Poland,High,High,2023,,,,,0.775143623,-0.232159808,69.400001526,6.684652805,10.526970863,0.155131266,0.661707103,0.555696309,0.890072942
Portugal,High,High,2023,,,,,0.846599162,-0.175522700,71.5,5.954010963,10.504261017,0.308817238,0.889157891,0.661409438,0.894850016
Romania,High,High,2023,,,,,0.848597169,-0.202025086,67.300003052,6.488589764,10.430639267,0.270979017,0.904699385,0.627911329,0.825630784
Russia,High,High,2023,,,,,0.749966145,0.055555351,65.699996948,5.864812374,10.208745956,0.190402612,0.733434677,0.616144717,0.853754878
Saudi Arabia,High,High,2023,,,,,,0.027502920,64.800003052,6.953373909,10.829442978,0.239862666,,0.736897886,0.884445488
Senegal,High,Medium,2023,,,,,0.797610044,0.048020113,60.599998474,5.092725277,8.199542999,0.258341461,0.835981429,0.824827194,0.668487847
Serbia,High,High,2023,,,,,0.806503236,0.084891275,67.400001526,6.441013813,9.961326599,0.205906272,0.781697452,0.526270688,0.894927204
Sierra Leone,Medium,Medium,2023,,,,,0.693507195,0.101428270,56.099998474,3.466577768,7.411620617,0.429989457,0.866305292,0.504435778,0.601413965
Singapore,High,High,2023,,,,,0.861233413,,74,6.653942108,,0.190485507,0.152543053,0.667156935,0.916325748
Slovakia,High,High,2023,,,,,0.753177226,-0.135729134,69.400001526,6.260521889,10.424976349,0.235034764,0.825238705,0.646765292,0.941262782
Slovenia,High,High,2023,,,,,0.931499362,0.031081576,71.400001526,6.745768547,10.664344788,0.256445765,0.750028193,0.614537597,0.910655141
South Africa,High,High,2023,,,,,0.747669756,-0.109230869,58.299999237,5.075719357,9.502883911,0.254731089,0.861435533,0.707858741,0.839282095
South Korea,High,High,2023,,,,,0.762343049,-0.003665844,74.199996948,6.111918926,10.741768837,0.245323658,0.713588834,0.603400409,0.799441338
Spain,High,High,2023,,,,,0.778683066,-0.003899825,72.599998474,6.456033230,10.608960152,0.325137466,0.674821138,0.654593587,0.912134528
Sri Lanka,High,High,2023,,,,,0.753907204,0.050489277,67.400001526,3.602454901,9.364070892,0.352604866,0.921878397,0.709381640,0.790229857
State of Palestine,High,High,2023,,,,,0.707762122,,,4.851185322,,0.378292173,0.808127403,0.579646289,0.831444502
Sweden,High,High,2023,,,,,0.926378608,0.146668240,72.400001526,7.160777092,10.902136803,0.194445401,0.253073782,0.738825977,0.926617563
Switzerland,High,High,2023,,,,,0.890971661,0.103554204,73.300003052,6.968832970,11.169257164,0.184581637,0.246743873,0.745367944,0.903757095
TÃ¼rkiye,Medium,High,2023,,,,,0.522796512,-0.159018278,69.099998474,5.462700367,10.429203033,0.348512709,0.747561455,0.344346642,0.859526575
Taiwan Province of China,High,High,2023,,,,,0.794507623,,,6.655351639,,0.110535294,0.640639067,0.747687042,0.871551275
Tajikistan,High,High,2023,,,,,,-0.054377679,62.599998474,5.379470825,8.371051788,0.231346413,0.482385397,0.637944818,0.870741546
Tanzania,High,Medium,2023,,,,,0.861729443,0.121643744,60.299999237,4.042028427,7.892750263,0.210070655,0.608898699,0.702193856,0.663485348
Thailand,High,High,2023,,,,,0.925836265,0.337994844,68.599998474,6.282364368,9.807331085,0.217497319,0.889299929,0.810709715,0.873081505
Togo,Medium,Medium,2023,,,,,0.665011823,-0.071156792,58.200000763,4.364938736,7.725253582,0.361713231,0.684943557,0.546305120,0.547155082
Tunisia,Medium,High,2023,,,,,0.482242137,-0.226395190,67.099998474,4.505141258,9.281788826,0.364168495,0.882401586,0.461158454,0.701545477
Uganda,High,High,2023,,,,,0.847656608,0.067090295,60.099998474,4.466518879,7.758769512,0.376372844,0.911813736,0.726051688,0.827439845
Ukraine,High,High,2023,,,,,0.772263527,0.369769633,64.800003052,4.672444820,9.422674179,0.384988129,0.922391295,0.490358353,0.839185178
United Arab Emirates,High,High,2023,,,,,0.885922134,0.155217305,66.599998474,6.728384018,11.235544205,0.304354578,,0.654695928,0.775808215
United Kingdom,High,High,2023,,,,,0.874444127,0.269720078,70.5,6.658042908,10.758543015,0.272324085,0.490030020,0.719033599,0.885865748
United States,High,High,2023,,,,,0.721452534,0.184887230,65.599998474,6.520872116,11.089292526,0.283993393,0.721700907,0.706367612,0.860502541
Uruguay,High,High,2023,,,,,0.904163778,-0.050256200,67.5,6.661721706,10.122263908,0.264817208,0.661657572,0.753448129,0.908374488
Uzbekistan,High,High,2023,,,,,0.926783860,0.247137070,65.900001526,6.385360718,9.025871277,0.202206999,0.649539769,0.751747012,0.908859313
Venezuela,High,High,2023,,,,,0.756530225,,63.700000763,5.765363216,,0.300037950,0.825392902,0.757685244,0.884667933
Vietnam,High,High,2023,,,,,0.955560029,-0.159113646,65.699996948,6.325115204,9.392351151,0.119510151,0.655274570,0.710067570,0.844905019
Yemen,Medium,High,2023,,,,,0.582724273,,56.599998474,3.531573534,,0.340793550,0.771463513,0.446534216,0.824958205
Zambia,High,Medium,2023,,,,,0.854004443,0.092376716,56.099998474,3.685568094,8.115053177,0.359132260,0.814190567,0.652999461,0.664098680
Zimbabwe,High,Medium,2023,,,,,0.734612763,-0.068836704,55,3.572386265,7.678589821,0.178953364,0.757493675,0.609751821,0.693817437
